Nazwa,Rok,Szpitale,Pielegniarki_Polozne,Lekarze,Apteki,Punkty_apteczne,Osoby_swiadczenia_spoleczne,Placowki_ambulatoryjne,Ludnosc,Lozka
Polska,2009,754.0,210999.0,159712.0,10817.0,1154.0,2786061.0,16252.0,38167329.0,183040.0
Polska,2010,795.0,210402.0,162522.0,11297.0,1161.0,2776999.0,16608.0,38529866.0,181077.0
Polska,2011,814.0,216462.0,172304.0,11713.0,1185.0,2691933.0,19151.0,38538447.0,180606.0
Polska,2012,913.0,237862.0,183906.0,11999.0,1220.0,2594317.0,19412.0,38533299.0,188820.0
Polska,2013,966.0,227499.0,187327.0,12221.0,1284.0,2709649.0,19529.0,38495659.0,187763.0
Polska,2014,979.0,232309.0,201338.0,12438.0,1309.0,2567778.0,20052.0,38478602.0,188116.0
Polska,2015,956.0,233134.0,205650.0,12740.0,1299.0,2441082.0,20412.0,38437239.0,186994.0
Polska,2016,957.0,231897.0,214196.0,13104.0,1316.0,2210221.0,21299.0,38432992.0,186607.0
Polska,2017,951.0,242102.0,218083.0,13338.0,1284.0,2010986.0,21665.0,38433558.0,185263.0
Polska,2018,949.0,247745.0,221752.0,12899.0,1243.0,1822553.0,21881.0,38411148.0,181732.0
Polska,2019,890.0,249730.0,225738.0,12286.0,1190.0,1681788.0,21839.0,38382576.0,166828.0
Polska,2020,898.0,250535.0,228333.0,12056.0,1152.0,1568206.0,21496.0,38088564.0,167567.0
Polska,2021,899.0,300399.0,154291.0,11866.0,1147.0,1403024.0,21968.0,37907704.0,168447.0
Polska,2022,896.0,222401.0,144708.0,11657.0,1119.0,1289858.0,22601.0,37766327.0,164155.0
Polska,2023,894.0,236105.0,174428.0,11473.0,1091.0,1257217.0,23460.0,37636508.0,161207.0
Polska,2024,888.0,240962.0,178984.0,11229.0,1067.0,1183906.0,24225.0,37489087.0,159878.0
Dolnośląskie,2009,60.0,15879.0,11846.0,922.0,59.0,192644.0,1181.0,2876627.0,13907.0
Dolnośląskie,2010,67.0,15908.0,12115.0,943.0,66.0,189126.0,1178.0,2917242.0,14126.0
Dolnośląskie,2011,72.0,16333.0,12889.0,969.0,69.0,184161.0,1343.0,2916577.0,14111.0
Dolnośląskie,2012,80.0,18723.0,13845.0,970.0,72.0,170408.0,1369.0,2914362.0,14816.0
Dolnośląskie,2013,80.0,17693.0,14132.0,993.0,75.0,176958.0,1346.0,2909997.0,15073.0
Dolnośląskie,2014,83.0,17386.0,14992.0,1006.0,74.0,165936.0,1337.0,2908457.0,14907.0
Dolnośląskie,2015,79.0,16900.0,14946.0,1012.0,68.0,153612.0,1350.0,2904207.0,14841.0
Dolnośląskie,2016,82.0,17010.0,15967.0,1063.0,72.0,137867.0,1515.0,2903710.0,14899.0
Dolnośląskie,2017,81.0,17491.0,15264.0,1077.0,63.0,125046.0,1542.0,2902547.0,14637.0
Dolnośląskie,2018,82.0,17714.0,15502.0,1037.0,66.0,111617.0,1602.0,2901225.0,14659.0
Dolnośląskie,2019,84.0,18060.0,16046.0,992.0,62.0,102818.0,1611.0,2900163.0,13152.0
Dolnośląskie,2020,86.0,18311.0,16726.0,947.0,56.0,95667.0,1538.0,2908378.0,13294.0
Dolnośląskie,2021,84.0,22399.0,11920.0,925.0,57.0,88183.0,1577.0,2897737.0,13406.0
Dolnośląskie,2022,82.0,16608.0,11479.0,902.0,57.0,81613.0,1608.0,2888033.0,13360.0
Dolnośląskie,2023,78.0,17420.0,13657.0,885.0,53.0,79064.0,1666.0,2879271.0,13039.0
Dolnośląskie,2024,71.0,17630.0,14395.0,850.0,51.0,87538.0,1729.0,2868242.0,12355.0
Kujawsko-Pomorskie,2009,39.0,10604.0,7920.0,505.0,78.0,218534.0,663.0,2069083.0,9038.0
Kujawsko-Pomorskie,2010,38.0,10877.0,8094.0,527.0,76.0,219465.0,671.0,2098711.0,9018.0
Kujawsko-Pomorskie,2011,39.0,10696.0,8201.0,584.0,80.0,212604.0,751.0,2098370.0,9024.0
Kujawsko-Pomorskie,2012,42.0,11625.0,8920.0,583.0,78.0,213154.0,755.0,2096404.0,9507.0
Kujawsko-Pomorskie,2013,42.0,11465.0,9278.0,580.0,83.0,228396.0,758.0,2092564.0,9642.0
Kujawsko-Pomorskie,2014,42.0,11535.0,9571.0,586.0,88.0,213730.0,775.0,2089992.0,9891.0
Kujawsko-Pomorskie,2015,43.0,11941.0,10229.0,607.0,87.0,200645.0,818.0,2086210.0,9846.0
Kujawsko-Pomorskie,2016,40.0,11908.0,10833.0,630.0,84.0,179257.0,834.0,2083927.0,9860.0
Kujawsko-Pomorskie,2017,41.0,12507.0,11236.0,648.0,85.0,167527.0,862.0,2082944.0,9794.0
Kujawsko-Pomorskie,2018,41.0,12779.0,11201.0,628.0,84.0,148345.0,908.0,2077775.0,9591.0
Kujawsko-Pomorskie,2019,40.0,13062.0,11275.0,604.0,87.0,136211.0,920.0,2072373.0,8867.0
Kujawsko-Pomorskie,2020,40.0,12951.0,11283.0,594.0,87.0,128077.0,905.0,2031550.0,8593.0
Kujawsko-Pomorskie,2021,41.0,14724.0,6829.0,588.0,88.0,115259.0,920.0,2017720.0,8620.0
Kujawsko-Pomorskie,2022,41.0,11317.0,6546.0,574.0,87.0,100335.0,987.0,2006876.0,8399.0
Kujawsko-Pomorskie,2023,43.0,12046.0,7596.0,567.0,84.0,97376.0,1039.0,1996003.0,8358.0
Kujawsko-Pomorskie,2024,43.0,12536.0,7960.0,564.0,79.0,89407.0,1076.0,1984479.0,8377.0
Lubelskie,2009,38.0,12818.0,10159.0,787.0,55.0,158038.0,949.0,2157202.0,11477.0
Lubelskie,2010,42.0,13013.0,10743.0,793.0,51.0,155863.0,973.0,2178611.0,11290.0
Lubelskie,2011,45.0,12923.0,11363.0,798.0,57.0,150545.0,1086.0,2171857.0,11293.0
Lubelskie,2012,50.0,15000.0,12707.0,805.0,54.0,145661.0,1103.0,2165651.0,11836.0
Lubelskie,2013,58.0,14275.0,12254.0,810.0,51.0,149198.0,1113.0,2156150.0,11502.0
Lubelskie,2014,59.0,13973.0,12547.0,813.0,55.0,144013.0,1180.0,2147746.0,11367.0
Lubelskie,2015,57.0,14350.0,12618.0,819.0,56.0,136524.0,1186.0,2139726.0,11307.0
Lubelskie,2016,55.0,14123.0,12677.0,833.0,58.0,123154.0,1227.0,2133340.0,11256.0
Lubelskie,2017,53.0,14759.0,13058.0,831.0,58.0,106750.0,1288.0,2126317.0,11190.0
Lubelskie,2018,45.0,14754.0,12746.0,812.0,54.0,97747.0,1261.0,2117619.0,10988.0
Lubelskie,2019,46.0,15223.0,13421.0,753.0,54.0,89172.0,1229.0,2108270.0,9984.0
Lubelskie,2020,45.0,15662.0,13918.0,739.0,53.0,79831.0,1203.0,2056908.0,10738.0
Lubelskie,2021,47.0,18163.0,9072.0,734.0,51.0,70532.0,1243.0,2038299.0,10570.0
Lubelskie,2022,46.0,14264.0,8444.0,724.0,53.0,64594.0,1247.0,2024637.0,10406.0
Lubelskie,2023,45.0,15193.0,10320.0,716.0,53.0,62967.0,1296.0,2011047.0,9568.0
Lubelskie,2024,44.0,15385.0,10703.0,699.0,53.0,57977.0,1324.0,1996440.0,9533.0
Lubuskie,2009,20.0,5176.0,3231.0,288.0,47.0,105169.0,456.0,1010047.0,4357.0
Lubuskie,2010,19.0,5108.0,3319.0,296.0,47.0,102705.0,461.0,1023215.0,4191.0
Lubuskie,2011,20.0,5281.0,3600.0,301.0,46.0,96694.0,517.0,1023158.0,4219.0
Lubuskie,2012,25.0,5686.0,3845.0,304.0,42.0,91095.0,536.0,1023317.0,4537.0
Lubuskie,2013,25.0,5746.0,4087.0,313.0,46.0,94372.0,529.0,1021470.0,4469.0
Lubuskie,2014,25.0,5642.0,4312.0,323.0,54.0,89964.0,547.0,1020307.0,4443.0
Lubuskie,2015,26.0,5651.0,4329.0,316.0,51.0,85187.0,551.0,1018075.0,4402.0
Lubuskie,2016,24.0,5583.0,4425.0,319.0,53.0,76651.0,584.0,1017376.0,4347.0
Lubuskie,2017,24.0,5936.0,4592.0,329.0,49.0,69413.0,585.0,1016832.0,4401.0
Lubuskie,2018,24.0,5980.0,4394.0,313.0,41.0,62057.0,582.0,1014548.0,4279.0
Lubuskie,2019,24.0,6041.0,4571.0,305.0,43.0,56393.0,573.0,1011592.0,3978.0
Lubuskie,2020,26.0,6029.0,4635.0,297.0,43.0,53285.0,564.0,993329.0,4172.0
Lubuskie,2021,24.0,5969.0,2469.0,291.0,43.0,47567.0,574.0,985487.0,4049.0
Lubuskie,2022,23.0,4676.0,2508.0,282.0,43.0,44027.0,580.0,979976.0,3863.0
Lubuskie,2023,24.0,4956.0,2839.0,278.0,42.0,41703.0,621.0,975023.0,3766.0
Lubuskie,2024,24.0,4998.0,3002.0,272.0,39.0,39145.0,624.0,969819.0,3693.0
Łódzkie,2009,56.0,14030.0,12438.0,890.0,78.0,188740.0,1275.0,2541832.0,13624.0
Łódzkie,2010,61.0,13529.0,12218.0,887.0,67.0,187639.0,1279.0,2542436.0,13533.0
Łódzkie,2011,62.0,14293.0,13474.0,897.0,75.0,183207.0,1529.0,2533681.0,13407.0
Łódzkie,2012,66.0,16767.0,13776.0,864.0,77.0,181431.0,1523.0,2524651.0,13134.0
Łódzkie,2013,74.0,14596.0,14986.0,863.0,82.0,190901.0,1493.0,2513093.0,13428.0
Łódzkie,2014,71.0,14655.0,15665.0,856.0,85.0,176790.0,1546.0,2504136.0,13291.0
Łódzkie,2015,68.0,14575.0,15744.0,912.0,88.0,168895.0,1562.0,2493603.0,12985.0
Łódzkie,2016,67.0,14284.0,16371.0,935.0,96.0,153471.0,1619.0,2485323.0,12777.0
Łódzkie,2017,65.0,15081.0,16075.0,945.0,97.0,138528.0,1621.0,2476315.0,12776.0
Łódzkie,2018,69.0,15207.0,15921.0,906.0,94.0,126723.0,1631.0,2466322.0,12527.0
Łódzkie,2019,63.0,15387.0,16072.0,829.0,78.0,116540.0,1630.0,2454779.0,11516.0
Łódzkie,2020,60.0,15455.0,16361.0,823.0,79.0,103314.0,1603.0,2415816.0,11491.0
Łódzkie,2021,61.0,18884.0,11659.0,820.0,79.0,92781.0,1629.0,2394946.0,11615.0
Łódzkie,2022,61.0,13584.0,10725.0,802.0,76.0,84827.0,1659.0,2378483.0,11160.0
Łódzkie,2023,62.0,14639.0,13060.0,777.0,76.0,84853.0,1707.0,2362519.0,11346.0
Łódzkie,2024,64.0,15175.0,13569.0,774.0,70.0,76695.0,1734.0,2345924.0,11345.0
Małopolskie,2009,68.0,18480.0,14901.0,967.0,113.0,183616.0,1362.0,3298270.0,14387.0
Małopolskie,2010,71.0,18896.0,15501.0,991.0,97.0,185885.0,1403.0,3336699.0,14274.0
Małopolskie,2011,69.0,19355.0,16835.0,1083.0,112.0,180463.0,1620.0,3346796.0,14362.0
Małopolskie,2012,75.0,20018.0,17463.0,1112.0,128.0,171553.0,1647.0,3354077.0,14952.0
Małopolskie,2013,84.0,20338.0,18261.0,1103.0,139.0,178211.0,1699.0,3360581.0,14868.0
Małopolskie,2014,85.0,21865.0,19858.0,1131.0,145.0,174605.0,1743.0,3368336.0,14976.0
Małopolskie,2015,81.0,21465.0,20470.0,1140.0,139.0,170252.0,1817.0,3372618.0,14861.0
Małopolskie,2016,90.0,22010.0,21714.0,1139.0,142.0,155887.0,1889.0,3382260.0,14919.0
Małopolskie,2017,87.0,23216.0,22747.0,1157.0,135.0,152179.0,1915.0,3391380.0,14988.0
Małopolskie,2018,88.0,23897.0,23376.0,1117.0,128.0,145635.0,1976.0,3400577.0,14853.0
Małopolskie,2019,73.0,24088.0,23688.0,1062.0,123.0,138691.0,1924.0,3410901.0,13750.0
Małopolskie,2020,72.0,24227.0,23864.0,1046.0,121.0,133970.0,1966.0,3432692.0,13540.0
Małopolskie,2021,73.0,26918.0,14224.0,1024.0,118.0,117001.0,2034.0,3430370.0,13819.0
Małopolskie,2022,72.0,20097.0,13223.0,1016.0,120.0,107065.0,2076.0,3429014.0,13590.0
Małopolskie,2023,69.0,21421.0,16441.0,999.0,117.0,102065.0,2165.0,3429632.0,13416.0
Małopolskie,2024,74.0,21940.0,16974.0,989.0,116.0,92630.0,2212.0,3429084.0,13429.0
Mazowieckie,2009,93.0,31527.0,29155.0,1357.0,139.0,302562.0,1940.0,5222167.0,24110.0
Mazowieckie,2010,98.0,30118.0,28219.0,1485.0,149.0,302362.0,1990.0,5267072.0,24186.0
Mazowieckie,2011,106.0,32110.0,29989.0,1495.0,144.0,294547.0,2456.0,5285604.0,24353.0
Mazowieckie,2012,115.0,34667.0,32371.0,1585.0,146.0,277478.0,2497.0,5301760.0,26259.0
Mazowieckie,2013,120.0,34365.0,32596.0,1648.0,154.0,286208.0,2544.0,5316840.0,26525.0
Mazowieckie,2014,120.0,35606.0,36365.0,1699.0,146.0,275109.0,2623.0,5334511.0,26147.0
Mazowieckie,2015,112.0,35029.0,36746.0,1738.0,144.0,264664.0,2741.0,5349114.0,25929.0
Mazowieckie,2016,108.0,35157.0,38272.0,1778.0,140.0,244306.0,2885.0,5365898.0,26240.0
Mazowieckie,2017,118.0,36195.0,38625.0,1795.0,143.0,223366.0,3028.0,5384617.0,26049.0
Mazowieckie,2018,121.0,37875.0,41626.0,1738.0,143.0,206321.0,3046.0,5403412.0,25770.0
Mazowieckie,2019,112.0,39092.0,43465.0,1682.0,136.0,192733.0,3096.0,5423168.0,24028.0
Mazowieckie,2020,118.0,39185.0,43673.0,1637.0,134.0,183173.0,3097.0,5517616.0,24294.0
Mazowieckie,2021,118.0,53320.0,30429.0,1616.0,135.0,163770.0,3219.0,5512794.0,25071.0
Mazowieckie,2022,115.0,35556.0,25819.0,1587.0,128.0,153068.0,3412.0,5510612.0,23712.0
Mazowieckie,2023,116.0,38332.0,33929.0,1573.0,125.0,149248.0,3570.0,5510527.0,23214.0
Mazowieckie,2024,113.0,39396.0,32630.0,1548.0,124.0,137618.0,3685.0,5508322.0,23224.0
Opolskie,2009,22.0,5487.0,3204.0,273.0,30.0,59561.0,425.0,1031097.0,4451.0
Opolskie,2010,22.0,5246.0,2975.0,279.0,38.0,59708.0,433.0,1017241.0,4387.0
Opolskie,2011,23.0,5365.0,3094.0,298.0,40.0,59083.0,502.0,1013950.0,4381.0
Opolskie,2012,28.0,6436.0,3290.0,303.0,42.0,57072.0,518.0,1010203.0,4973.0
Opolskie,2013,28.0,5483.0,3402.0,308.0,47.0,61898.0,520.0,1004416.0,4930.0
Opolskie,2014,29.0,5737.0,3497.0,307.0,48.0,58689.0,532.0,1000858.0,4857.0
Opolskie,2015,28.0,6465.0,3704.0,314.0,47.0,56238.0,538.0,996011.0,4604.0
Opolskie,2016,30.0,5755.0,3938.0,327.0,47.0,52073.0,543.0,993036.0,4741.0
Opolskie,2017,31.0,5965.0,3914.0,335.0,43.0,47389.0,546.0,990069.0,4569.0
Opolskie,2018,30.0,6089.0,3872.0,319.0,40.0,42922.0,561.0,986506.0,4418.0
Opolskie,2019,29.0,6206.0,4060.0,304.0,43.0,38957.0,548.0,982626.0,3839.0
Opolskie,2020,29.0,6277.0,4195.0,291.0,37.0,36435.0,532.0,955844.0,4022.0
Opolskie,2021,30.0,6899.0,2705.0,291.0,35.0,32996.0,520.0,948583.0,4376.0
Opolskie,2022,30.0,5364.0,2622.0,294.0,30.0,29855.0,551.0,942441.0,4222.0
Opolskie,2023,29.0,5575.0,3173.0,282.0,28.0,28917.0,579.0,936725.0,4030.0
Opolskie,2024,28.0,5579.0,3363.0,273.0,28.0,34123.0,587.0,930296.0,3940.0
Podkarpackie,2009,34.0,12062.0,6483.0,567.0,123.0,175840.0,884.0,2101732.0,9717.0
Podkarpackie,2010,35.0,12447.0,7057.0,570.0,120.0,171420.0,898.0,2127948.0,9556.0
Podkarpackie,2011,32.0,12644.0,7471.0,590.0,123.0,163930.0,1039.0,2128687.0,9555.0
Podkarpackie,2012,39.0,13670.0,7951.0,600.0,122.0,160625.0,1068.0,2129951.0,10100.0
Podkarpackie,2013,39.0,13562.0,8123.0,629.0,125.0,168463.0,1087.0,2129294.0,10180.0
Podkarpackie,2014,41.0,13818.0,8365.0,639.0,131.0,157232.0,1125.0,2129187.0,10289.0
Podkarpackie,2015,41.0,14626.0,8826.0,655.0,134.0,151968.0,1137.0,2127657.0,10249.0
Podkarpackie,2016,40.0,14254.0,9170.0,700.0,138.0,137591.0,1182.0,2127656.0,10342.0
Podkarpackie,2017,41.0,15137.0,9383.0,714.0,128.0,122465.0,1242.0,2129138.0,10219.0
Podkarpackie,2018,42.0,15837.0,9727.0,687.0,124.0,111851.0,1229.0,2129015.0,9935.0
Podkarpackie,2019,41.0,16236.0,10054.0,665.0,122.0,102023.0,1251.0,2127164.0,9349.0
Podkarpackie,2020,41.0,16113.0,10153.0,643.0,121.0,96164.0,1254.0,2096166.0,9045.0
Podkarpackie,2021,43.0,17410.0,6321.0,632.0,121.0,81338.0,1286.0,2085932.0,9067.0
Podkarpackie,2022,40.0,13770.0,6446.0,617.0,122.0,74800.0,1254.0,2079098.0,8702.0
Podkarpackie,2023,41.0,14338.0,7505.0,593.0,121.0,72739.0,1294.0,2071676.0,8686.0
Podkarpackie,2024,39.0,14452.0,7856.0,579.0,123.0,67926.0,1341.0,2062997.0,8686.0
Podlaskie,2009,30.0,7032.0,5087.0,322.0,64.0,103616.0,605.0,1189731.0,6230.0
Podlaskie,2010,30.0,7006.0,5156.0,337.0,65.0,106268.0,628.0,1203448.0,5970.0
Podlaskie,2011,31.0,7038.0,5311.0,349.0,62.0,101459.0,700.0,1200982.0,5699.0
Podlaskie,2012,33.0,7554.0,5691.0,352.0,64.0,99703.0,733.0,1198690.0,5851.0
Podlaskie,2013,35.0,7516.0,5865.0,377.0,67.0,102410.0,737.0,1194965.0,5850.0
Podlaskie,2014,36.0,7290.0,5830.0,386.0,66.0,98448.0,753.0,1191918.0,5893.0
Podlaskie,2015,34.0,7419.0,5997.0,387.0,61.0,94333.0,760.0,1188800.0,5933.0
Podlaskie,2016,37.0,7611.0,6303.0,406.0,59.0,85773.0,765.0,1186625.0,6025.0
Podlaskie,2017,36.0,7454.0,6196.0,413.0,60.0,77007.0,764.0,1184548.0,5964.0
Podlaskie,2018,34.0,7751.0,6115.0,398.0,54.0,69792.0,758.0,1181533.0,5888.0
Podlaskie,2019,32.0,7867.0,6146.0,382.0,51.0,64050.0,762.0,1178353.0,5086.0
Podlaskie,2020,34.0,8060.0,6361.0,369.0,49.0,60643.0,727.0,1156591.0,5401.0
Podlaskie,2021,34.0,9630.0,5193.0,369.0,50.0,55045.0,788.0,1148720.0,5562.0
Podlaskie,2022,35.0,7270.0,4772.0,366.0,45.0,51771.0,809.0,1143355.0,5293.0
Podlaskie,2023,35.0,7884.0,5789.0,362.0,41.0,51645.0,831.0,1138216.0,5296.0
Podlaskie,2024,37.0,8042.0,5984.0,363.0,38.0,46546.0,854.0,1132641.0,5294.0
Pomorskie,2009,36.0,10711.0,9389.0,589.0,26.0,171260.0,763.0,2230099.0,8875.0
Pomorskie,2010,41.0,10495.0,9570.0,618.0,29.0,171654.0,776.0,2275494.0,8708.0
Pomorskie,2011,40.0,10840.0,9610.0,654.0,30.0,167626.0,881.0,2283500.0,8542.0
Pomorskie,2012,51.0,14167.0,11069.0,682.0,42.0,157423.0,891.0,2290070.0,9068.0
Pomorskie,2013,54.0,11836.0,10774.0,710.0,43.0,162828.0,925.0,2295811.0,9459.0
Pomorskie,2014,55.0,11400.0,11423.0,684.0,48.0,154037.0,939.0,2302077.0,9333.0
Pomorskie,2015,54.0,11636.0,11720.0,728.0,48.0,147761.0,949.0,2307710.0,9506.0
Pomorskie,2016,53.0,11502.0,12584.0,739.0,48.0,134911.0,1002.0,2315611.0,9119.0
Pomorskie,2017,44.0,11943.0,13071.0,745.0,44.0,122982.0,1026.0,2324251.0,9256.0
Pomorskie,2018,45.0,13233.0,13179.0,724.0,45.0,109933.0,1113.0,2333523.0,9100.0
Pomorskie,2019,44.0,11469.0,11800.0,667.0,41.0,101854.0,1114.0,2343928.0,8433.0
Pomorskie,2020,43.0,11787.0,12157.0,665.0,40.0,92839.0,1114.0,2358256.0,8615.0
Pomorskie,2021,39.0,13875.0,9334.0,661.0,40.0,84512.0,1145.0,2358726.0,7910.0
Pomorskie,2022,41.0,11165.0,8826.0,660.0,40.0,80097.0,1208.0,2358307.0,7820.0
Pomorskie,2023,40.0,11744.0,10154.0,652.0,37.0,80487.0,1252.0,2359573.0,7787.0
Pomorskie,2024,38.0,12076.0,10710.0,635.0,38.0,73516.0,1310.0,2359493.0,7796.0
Śląskie,2009,107.0,29285.0,21084.0,1176.0,99.0,268378.0,2419.0,4640725.0,26624.0
Śląskie,2010,115.0,29177.0,21749.0,1294.0,97.0,268204.0,2437.0,4634935.0,25989.0
Śląskie,2011,116.0,30379.0,23738.0,1344.0,103.0,260645.0,2716.0,4626357.0,25568.0
Śląskie,2012,134.0,30119.0,24076.0,1395.0,100.0,249807.0,2737.0,4615870.0,26001.0
Śląskie,2013,145.0,29656.0,24264.0,1401.0,115.0,264317.0,2702.0,4599447.0,25898.0
Śląskie,2014,151.0,30715.0,26079.0,1456.0,110.0,250877.0,2806.0,4585924.0,25757.0
Śląskie,2015,152.0,31813.0,28264.0,1486.0,104.0,239787.0,2814.0,4570849.0,25526.0
Śląskie,2016,155.0,31553.0,28832.0,1508.0,106.0,214286.0,2873.0,4559164.0,25418.0
Śląskie,2017,155.0,33203.0,30157.0,1526.0,110.0,190637.0,2849.0,4548180.0,25091.0
Śląskie,2018,157.0,33627.0,30382.0,1485.0,102.0,167395.0,2790.0,4533565.0,24689.0
Śląskie,2019,136.0,33706.0,30708.0,1420.0,99.0,152608.0,2797.0,4517635.0,23287.0
Śląskie,2020,141.0,33089.0,30556.0,1410.0,92.0,141579.0,2711.0,4412097.0,22668.0
Śląskie,2021,141.0,38445.0,18777.0,1372.0,92.0,131763.0,2654.0,4375947.0,22232.0
Śląskie,2022,140.0,27537.0,18931.0,1344.0,86.0,119442.0,2697.0,4346702.0,21652.0
Śląskie,2023,143.0,28738.0,21672.0,1311.0,83.0,113784.0,2783.0,4320130.0,21324.0
Śląskie,2024,143.0,29492.0,22388.0,1268.0,84.0,106336.0,2851.0,4291441.0,21024.0
Świętokrzyskie,2009,22.0,7307.0,4496.0,396.0,59.0,111231.0,475.0,1270120.0,6312.0
Świętokrzyskie,2010,22.0,7525.0,4766.0,403.0,60.0,109217.0,497.0,1282546.0,6445.0
Świętokrzyskie,2011,22.0,7652.0,5082.0,427.0,60.0,104987.0,538.0,1278116.0,6447.0
Świętokrzyskie,2012,25.0,8118.0,5277.0,417.0,56.0,104628.0,540.0,1273995.0,6581.0
Świętokrzyskie,2013,25.0,8152.0,5491.0,410.0,59.0,111593.0,557.0,1268239.0,6202.0
Świętokrzyskie,2014,25.0,8459.0,5780.0,418.0,61.0,106596.0,568.0,1263176.0,6309.0
Świętokrzyskie,2015,25.0,8559.0,6066.0,421.0,60.0,101202.0,576.0,1257179.0,6313.0
Świętokrzyskie,2016,25.0,8599.0,6297.0,425.0,58.0,91678.0,606.0,1252900.0,6312.0
Świętokrzyskie,2017,25.0,9319.0,6455.0,432.0,60.0,83561.0,624.0,1247732.0,6125.0
Świętokrzyskie,2018,24.0,9417.0,6574.0,412.0,55.0,74573.0,634.0,1241546.0,5721.0
Świętokrzyskie,2019,24.0,9689.0,6575.0,396.0,54.0,68687.0,642.0,1233961.0,5348.0
Świętokrzyskie,2020,24.0,9613.0,6573.0,390.0,46.0,62316.0,634.0,1199584.0,5404.0
Świętokrzyskie,2021,23.0,10622.0,4342.0,382.0,46.0,54680.0,632.0,1187693.0,5504.0
Świętokrzyskie,2022,24.0,8376.0,4097.0,372.0,43.0,49388.0,658.0,1178164.0,5202.0
Świętokrzyskie,2023,24.0,8811.0,4911.0,367.0,44.0,48470.0,670.0,1168499.0,5218.0
Świętokrzyskie,2024,25.0,8985.0,5029.0,350.0,42.0,48747.0,683.0,1157991.0,5307.0
Warmińsko-Mazurskie,2009,37.0,7398.0,4548.0,353.0,42.0,177187.0,689.0,1427118.0,6056.0
Warmińsko-Mazurskie,2010,37.0,7172.0,4532.0,366.0,46.0,176371.0,710.0,1453782.0,5985.0
Warmińsko-Mazurskie,2011,39.0,7767.0,4748.0,380.0,42.0,168842.0,806.0,1452596.0,6282.0
Warmińsko-Mazurskie,2012,43.0,7959.0,5301.0,388.0,44.0,165874.0,805.0,1450697.0,6700.0
Warmińsko-Mazurskie,2013,42.0,8235.0,5456.0,401.0,45.0,172031.0,810.0,1446915.0,6675.0
Warmińsko-Mazurskie,2014,44.0,8134.0,5798.0,416.0,44.0,163916.0,827.0,1443967.0,6639.0
Warmińsko-Mazurskie,2015,43.0,7774.0,5577.0,411.0,45.0,156362.0,831.0,1439675.0,6668.0
Warmińsko-Mazurskie,2016,45.0,8301.0,6127.0,428.0,44.0,140244.0,870.0,1436367.0,6757.0
Warmińsko-Mazurskie,2017,44.0,8227.0,5826.0,439.0,42.0,125898.0,869.0,1433945.0,6709.0
Warmińsko-Mazurskie,2018,43.0,7799.0,5313.0,432.0,41.0,115517.0,856.0,1428983.0,6411.0
Warmińsko-Mazurskie,2019,39.0,8483.0,6032.0,413.0,40.0,106374.0,870.0,1422737.0,6241.0
Warmińsko-Mazurskie,2020,41.0,8493.0,5785.0,406.0,37.0,98313.0,866.0,1385622.0,6381.0
Warmińsko-Mazurskie,2021,42.0,9191.0,3777.0,395.0,34.0,84868.0,885.0,1374699.0,6425.0
Warmińsko-Mazurskie,2022,43.0,7417.0,3720.0,388.0,31.0,77890.0,882.0,1366430.0,6336.0
Warmińsko-Mazurskie,2023,42.0,8044.0,4113.0,384.0,29.0,76338.0,907.0,1357910.0,6219.0
Warmińsko-Mazurskie,2024,41.0,8216.0,4357.0,370.0,27.0,69545.0,916.0,1349172.0,6128.0
Wielkopolskie,2009,61.0,14997.0,9449.0,1013.0,104.0,206609.0,1401.0,3408281.0,15923.0
Wielkopolskie,2010,66.0,15421.0,9974.0,1027.0,109.0,209712.0,1493.0,3446745.0,15633.0
Wielkopolskie,2011,65.0,15388.0,9889.0,1053.0,103.0,206592.0,1783.0,3455477.0,15617.0
Wielkopolskie,2012,67.0,17012.0,11383.0,1137.0,116.0,201699.0,1801.0,3462196.0,16118.0
Wielkopolskie,2013,64.0,15840.0,10846.0,1155.0,114.0,212722.0,1807.0,3467016.0,14659.0
Wielkopolskie,2014,63.0,17133.0,13537.0,1185.0,113.0,201650.0,1817.0,3472579.0,15665.0
Wielkopolskie,2015,65.0,15949.0,12705.0,1234.0,123.0,187377.0,1851.0,3475323.0,15756.0
Wielkopolskie,2016,60.0,15268.0,12523.0,1299.0,126.0,169121.0,1932.0,3481625.0,15422.0
Wielkopolskie,2017,62.0,16522.0,13154.0,1364.0,123.0,158227.0,1931.0,3489210.0,15600.0
Wielkopolskie,2018,61.0,16022.0,13025.0,1316.0,125.0,142206.0,1937.0,3493969.0,15061.0
Wielkopolskie,2019,59.0,15309.0,12856.0,1260.0,115.0,134356.0,1949.0,3498733.0,13094.0
Wielkopolskie,2020,54.0,15522.0,13213.0,1250.0,117.0,129593.0,1898.0,3507042.0,13008.0
Wielkopolskie,2021,55.0,23613.0,11409.0,1225.0,117.0,116818.0,1921.0,3500030.0,13169.0
Wielkopolskie,2022,59.0,17349.0,11006.0,1196.0,113.0,111771.0,1976.0,3493577.0,13629.0
Wielkopolskie,2023,57.0,18481.0,12952.0,1196.0,117.0,110216.0,2056.0,3487973.0,13309.0
Wielkopolskie,2024,61.0,18592.0,13447.0,1177.0,117.0,102723.0,2208.0,3479986.0,13511.0
Zachodniopomorskie,2009,31.0,8206.0,6322.0,412.0,38.0,163076.0,765.0,1693198.0,7952.0
Zachodniopomorskie,2010,31.0,8464.0,6534.0,481.0,44.0,161400.0,781.0,1723741.0,7786.0
Zachodniopomorskie,2011,33.0,8398.0,7010.0,491.0,39.0,156548.0,884.0,1722739.0,7746.0
Zachodniopomorskie,2012,40.0,10341.0,6941.0,502.0,37.0,146706.0,889.0,1721405.0,8387.0
Zachodniopomorskie,2013,51.0,8741.0,7512.0,520.0,39.0,149143.0,902.0,1718861.0,8403.0
Zachodniopomorskie,2014,50.0,8961.0,7719.0,533.0,41.0,136186.0,934.0,1715431.0,8352.0
Zachodniopomorskie,2015,48.0,8982.0,7709.0,560.0,44.0,126275.0,931.0,1710482.0,8268.0
Zachodniopomorskie,2016,46.0,8979.0,8163.0,575.0,45.0,113951.0,973.0,1708174.0,8173.0
Zachodniopomorskie,2017,44.0,9147.0,8330.0,588.0,44.0,100011.0,973.0,1705533.0,7895.0
Zachodniopomorskie,2018,43.0,9764.0,8799.0,575.0,47.0,89919.0,997.0,1701030.0,7842.0
Zachodniopomorskie,2019,44.0,9812.0,8969.0,552.0,42.0,80321.0,923.0,1696193.0,6876.0
Zachodniopomorskie,2020,44.0,9761.0,8880.0,549.0,40.0,73007.0,884.0,1661073.0,6901.0
Zachodniopomorskie,2021,44.0,10337.0,5831.0,541.0,41.0,65911.0,941.0,1650021.0,7052.0
Zachodniopomorskie,2022,44.0,8051.0,5544.0,533.0,45.0,59315.0,997.0,1640622.0,6809.0
Zachodniopomorskie,2023,46.0,8483.0,6317.0,531.0,41.0,57345.0,1024.0,1631784.0,6631.0
Zachodniopomorskie,2024,43.0,8468.0,6617.0,518.0,38.0,53434.0,1091.0,1622760.0,6236.0
