Nazwa,Rok,Szpitale,Pielegniarki_Polozne,Lekarze,Apteki,Punkty_apteczne,Osoby_swiadczenia_spoleczne,Placowki_ambulatoryjne,Ludnosc,Lozka,lekarze_na_10tys,pielegniarki_polozne_na_10tys,apteki_na_10tys,punkty_apteczne_na_10tys,apteki_i_punkty_na_10tys,szpitale_na_10tys,lozka_na_10tys,placowki_ambulatoryjne_na_10tys,mieszkancow_na_apteke,lekarze_na_10tys_norm,pielegniarki_polozne_na_10tys_norm,apteki_i_punkty_na_10tys_norm,szpitale_na_10tys_norm,lozka_na_10tys_norm,placowki_ambulatoryjne_na_10tys_norm,indeks_dostepnosci,miejsce_w_rankingu
Łódzkie,2009,56.0,14030.0,12438.0,890.0,78.0,188740.0,1275.0,2541832.0,13624.0,48.93,55.2,3.5,0.31,3.81,0.22,53.6,5.02,2855.99,0.43339382940108884,0.2160120845921451,0.7187500000000001,0.3500000000000001,0.8453016003282726,0.41935483870967727,0.497,1
Lubelskie,2009,38.0,12818.0,10159.0,787.0,55.0,158038.0,949.0,2157202.0,11477.0,47.09,59.42,3.65,0.25,3.9,0.18,53.2,4.4,2741.04,0.39999999999999997,0.29569486404833845,0.775,0.15,0.8288879770209275,0.2764976958525346,0.454,2
Podlaskie,2009,30.0,7032.0,5087.0,322.0,64.0,103616.0,605.0,1189731.0,6230.0,42.76,59.11,2.71,0.54,3.24,0.25,52.36,5.09,3694.82,0.32141560798548086,0.2898413897280967,0.3625000000000001,0.5000000000000001,0.7944193680755027,0.4354838709677419,0.451,3
Śląskie,2009,107.0,29285.0,21084.0,1176.0,99.0,268378.0,2419.0,4640725.0,26624.0,45.43,63.1,2.53,0.21,2.75,0.23,57.37,5.21,3946.19,0.36987295825771316,0.3651812688821753,0.056249999999999925,0.40000000000000013,1.0,0.4631336405529954,0.442,4
Dolnośląskie,2009,60.0,15879.0,11846.0,922.0,59.0,192644.0,1181.0,2876627.0,13907.0,41.18,55.2,3.21,0.21,3.41,0.21,48.34,4.11,3119.99,0.29274047186932844,0.2160120845921451,0.4687500000000001,0.3,0.6294624538366846,0.20967741935483875,0.353,5
Świętokrzyskie,2009,22.0,7307.0,4496.0,396.0,59.0,111231.0,475.0,1270120.0,6312.0,35.4,57.53,3.12,0.46,3.58,0.17,49.7,3.74,3207.37,0.18784029038112515,0.2600075528700907,0.5750000000000001,0.1000000000000001,0.685268773081658,0.12442396313364057,0.322,6
Małopolskie,2009,68.0,18480.0,14901.0,967.0,113.0,183616.0,1362.0,3298270.0,14387.0,45.18,56.03,2.93,0.34,3.27,0.21,43.62,4.13,3410.83,0.3653357531760435,0.23168429003021154,0.38125000000000003,0.3,0.4357816988100123,0.21428571428571422,0.321,7
Mazowieckie,2009,93.0,31527.0,29155.0,1357.0,139.0,302562.0,1940.0,5222167.0,24110.0,55.83,60.37,2.6,0.27,2.86,0.18,46.17,3.71,3848.32,0.5586206896551723,0.31363293051359514,0.12499999999999986,0.15,0.5404185473943375,0.11751152073732714,0.301,8
Warmińsko-Mazurskie,2009,37.0,7398.0,4548.0,353.0,42.0,177187.0,689.0,1427118.0,6056.0,31.87,51.84,2.47,0.29,2.77,0.26,42.44,4.83,4042.83,0.12377495462794917,0.1525679758308158,0.06874999999999994,0.5500000000000002,0.38736151005334424,0.37557603686635943,0.276,9
Lubuskie,2009,20.0,5176.0,3231.0,288.0,47.0,105169.0,456.0,1010047.0,4357.0,31.99,51.25,2.85,0.47,3.32,0.2,43.14,4.51,3507.11,0.1259528130671506,0.14142749244712993,0.4124999999999999,0.2500000000000001,0.41608535084119824,0.30184331797235014,0.275,10
Podkarpackie,2009,34.0,12062.0,6483.0,567.0,123.0,175840.0,884.0,2101732.0,9717.0,30.85,57.39,2.7,0.59,3.28,0.16,46.23,4.21,3706.76,0.10526315789473684,0.2573640483383686,0.3874999999999999,0.05000000000000005,0.5428805908904389,0.23271889400921655,0.263,11
Opolskie,2009,22.0,5487.0,3204.0,273.0,30.0,59561.0,425.0,1031097.0,4451.0,31.07,53.22,2.65,0.29,2.94,0.21,43.17,4.12,3776.91,0.10925589836660615,0.17862537764350456,0.1749999999999999,0.3,0.4173163725892492,0.2119815668202765,0.232,12
Wielkopolskie,2009,61.0,14997.0,9449.0,1013.0,104.0,206609.0,1401.0,3408281.0,15923.0,27.72,44.0,2.97,0.31,3.28,0.18,46.72,4.11,3364.54,0.04845735027223226,0.004531722054380702,0.3874999999999999,0.15,0.5629872794419368,0.20967741935483875,0.227,13
Zachodniopomorskie,2009,31.0,8206.0,6322.0,412.0,38.0,163076.0,765.0,1693198.0,7952.0,37.34,48.46,2.43,0.22,2.66,0.18,46.96,4.52,4109.7,0.22304900181488205,0.08874622356495473,0.0,0.15,0.572835453426344,0.30414746543778787,0.223,14
Kujawsko-Pomorskie,2009,39.0,10604.0,7920.0,505.0,78.0,218534.0,663.0,2069083.0,9038.0,38.28,51.25,2.44,0.38,2.82,0.19,43.68,3.2,4097.19,0.24010889292196005,0.14142749244712993,0.09999999999999984,0.20000000000000007,0.4382437423061141,0.0,0.187,15
Pomorskie,2009,36.0,10711.0,9389.0,589.0,26.0,171260.0,763.0,2230099.0,8875.0,42.1,48.03,2.64,0.12,2.76,0.16,39.8,3.42,3786.25,0.3094373865698729,0.08062688821752272,0.06249999999999979,0.05000000000000005,0.27903159622486656,0.05069124423963128,0.139,16
Łódzkie,2010,61.0,13529.0,12218.0,887.0,67.0,187639.0,1279.0,2542436.0,13533.0,48.06,53.21,3.49,0.26,3.75,0.24,53.23,5.03,2866.33,0.4176043557168784,0.17843655589123872,0.68125,0.45,0.8301189987689782,0.4216589861751152,0.497,1
Śląskie,2010,115.0,29177.0,21749.0,1294.0,97.0,268204.0,2437.0,4634935.0,25989.0,46.92,62.95,2.79,0.21,3.0,0.25,56.07,5.26,3581.87,0.3969147005444646,0.3623489425981874,0.21249999999999997,0.5000000000000001,0.9466557242511285,0.4746543778801843,0.482,2
Lubelskie,2010,42.0,13013.0,10743.0,793.0,51.0,155863.0,973.0,2178611.0,11290.0,49.31,59.73,3.64,0.23,3.87,0.19,51.82,4.47,2747.3,0.44029038112522684,0.30154833836858,0.7562500000000002,0.20000000000000007,0.7722609766105869,0.292626728110599,0.46,3
Podlaskie,2010,30.0,7006.0,5156.0,337.0,65.0,106268.0,628.0,1203448.0,5970.0,42.84,58.22,2.8,0.54,3.34,0.25,49.61,5.22,3571.06,0.32286751361161525,0.27303625377643503,0.42499999999999993,0.5000000000000001,0.6815757078375052,0.4654377880184331,0.445,4
Dolnośląskie,2010,67.0,15908.0,12115.0,943.0,66.0,189126.0,1178.0,2917242.0,14126.0,41.53,54.53,3.23,0.23,3.46,0.23,48.42,4.04,3093.58,0.29909255898366605,0.2033610271903324,0.5,0.40000000000000013,0.6327451784981536,0.19354838709677416,0.371,5
Świętokrzyskie,2010,22.0,7525.0,4766.0,403.0,60.0,109217.0,497.0,1282546.0,6445.0,37.16,58.67,3.14,0.47,3.61,0.17,50.25,3.88,3182.5,0.21978221415607974,0.28153323262839886,0.59375,0.1000000000000001,0.7078375051292574,0.15668202764976952,0.343,6
Małopolskie,2010,71.0,18896.0,15501.0,991.0,97.0,185885.0,1403.0,3336699.0,14274.0,46.46,56.63,2.97,0.29,3.26,0.21,42.78,4.2,3367.0,0.3885662431941923,0.24301359516616322,0.37499999999999983,0.3,0.4013130898645877,0.2304147465437788,0.323,7
Mazowieckie,2010,98.0,30118.0,28219.0,1485.0,149.0,302362.0,1990.0,5267072.0,24186.0,53.58,57.18,2.82,0.28,3.1,0.19,45.92,3.78,3546.85,0.517785843920145,0.25339879154078554,0.275,0.20000000000000007,0.5301600328272468,0.13364055299539163,0.318,8
Podkarpackie,2010,35.0,12447.0,7057.0,570.0,120.0,171420.0,898.0,2127948.0,9556.0,33.16,58.49,2.68,0.56,3.24,0.16,44.91,4.22,3733.24,0.14718693284936468,0.27813444108761337,0.3625000000000001,0.05000000000000005,0.48871563397620016,0.23502304147465428,0.26,9
Warmińsko-Mazurskie,2010,37.0,7172.0,4532.0,366.0,46.0,176371.0,710.0,1453782.0,5985.0,31.17,49.33,2.52,0.32,2.83,0.25,41.17,4.88,3972.08,0.11107078039927405,0.1051737160120846,0.10624999999999998,0.5000000000000001,0.3352482560525237,0.3870967741935483,0.257,10
Zachodniopomorskie,2010,31.0,8464.0,6534.0,481.0,44.0,161400.0,781.0,1723741.0,7786.0,37.91,49.1,2.79,0.26,3.05,0.18,45.17,4.53,3583.66,0.23339382940108883,0.10083081570996985,0.24374999999999986,0.15,0.49938448912597466,0.3064516129032258,0.256,11
Opolskie,2010,22.0,5246.0,2975.0,279.0,38.0,59708.0,433.0,1017241.0,4387.0,29.25,51.57,2.74,0.37,3.12,0.22,43.13,4.26,3646.03,0.0762250453720508,0.1474697885196375,0.28750000000000003,0.3500000000000001,0.4156750102585147,0.24423963133640544,0.254,12
Lubuskie,2010,19.0,5108.0,3319.0,296.0,47.0,102705.0,461.0,1023215.0,4191.0,32.44,49.92,2.89,0.46,3.35,0.19,40.96,4.51,3456.81,0.134119782214156,0.11631419939577047,0.4312500000000001,0.20000000000000007,0.3266311038161675,0.30184331797235014,0.252,13
Wielkopolskie,2010,66.0,15421.0,9974.0,1027.0,109.0,209712.0,1493.0,3446745.0,15633.0,28.94,44.74,2.98,0.32,3.3,0.19,45.36,4.33,3356.13,0.0705989110707804,0.018504531722054456,0.3999999999999999,0.20000000000000007,0.5071809601969635,0.26036866359447003,0.243,14
Kujawsko-Pomorskie,2010,38.0,10877.0,8094.0,527.0,76.0,219465.0,671.0,2098711.0,9018.0,38.57,51.83,2.51,0.36,2.87,0.18,42.97,3.2,3982.37,0.24537205081669686,0.15237915407854985,0.13125,0.15,0.40910956093557654,0.0,0.181,15
Pomorskie,2010,41.0,10495.0,9570.0,618.0,29.0,171654.0,776.0,2275494.0,8708.0,42.06,46.12,2.72,0.13,2.84,0.18,38.27,3.41,3682.03,0.30871143375680576,0.04456193353474319,0.11249999999999985,0.15,0.2162494870742718,0.04838709677419354,0.147,16
Łódzkie,2011,62.0,14293.0,13474.0,897.0,75.0,183207.0,1529.0,2533681.0,13407.0,53.18,56.41,3.54,0.3,3.84,0.24,52.92,6.03,2824.62,0.5105263157894736,0.23885951661631416,0.7374999999999999,0.45,0.8173984407057859,0.652073732718894,0.568,1
Śląskie,2011,116.0,30379.0,23738.0,1344.0,103.0,260645.0,2716.0,4626357.0,25568.0,51.31,65.67,2.91,0.22,3.13,0.25,55.27,5.87,3442.23,0.47658802177858434,0.41370845921450156,0.2937499999999999,0.5000000000000001,0.9138284776364385,0.6152073732718895,0.536,2
Lubelskie,2011,45.0,12923.0,11363.0,798.0,57.0,150545.0,1086.0,2171857.0,11293.0,52.32,59.5,3.67,0.26,3.94,0.21,52.0,5.0,2721.63,0.4949183303085299,0.29720543806646527,0.8,0.3,0.7796471070988922,0.4147465437788018,0.514,3
Podlaskie,2011,31.0,7038.0,5311.0,349.0,62.0,101459.0,700.0,1200982.0,5699.0,44.22,58.6,2.91,0.52,3.42,0.26,47.45,5.83,3441.21,0.34791288566243184,0.28021148036253785,0.475,0.5500000000000002,0.5929421419778418,0.6059907834101382,0.475,4
Dolnośląskie,2011,72.0,16333.0,12889.0,969.0,69.0,184161.0,1343.0,2916577.0,14111.0,44.19,56.0,3.32,0.24,3.56,0.25,48.38,4.6,3009.88,0.3473684210526315,0.23111782477341394,0.5625000000000001,0.5000000000000001,0.6311038161674192,0.3225806451612902,0.432,5
Małopolskie,2011,69.0,19355.0,16835.0,1083.0,112.0,180463.0,1620.0,3346796.0,14362.0,50.3,57.83,3.24,0.33,3.57,0.21,42.91,4.84,3090.3,0.4582577132486387,0.26567220543806647,0.56875,0.3,0.4066475174394747,0.37788018433179715,0.396,6
Świętokrzyskie,2011,22.0,7652.0,5082.0,427.0,60.0,104987.0,538.0,1278116.0,6447.0,39.76,59.87,3.34,0.47,3.81,0.17,50.44,4.21,2993.25,0.26696914700544455,0.3041918429003021,0.7187500000000001,0.1000000000000001,0.7156339762002462,0.23271889400921655,0.39,7
Mazowieckie,2011,106.0,32110.0,29989.0,1495.0,144.0,294547.0,2456.0,5285604.0,24353.0,56.74,60.75,2.83,0.27,3.1,0.2,46.07,4.65,3535.52,0.57513611615245,0.3208081570996979,0.275,0.2500000000000001,0.536315141567501,0.3341013824884793,0.382,8
Warmińsko-Mazurskie,2011,39.0,7767.0,4748.0,380.0,42.0,168842.0,806.0,1452596.0,6282.0,32.69,53.47,2.62,0.29,2.91,0.27,43.25,5.55,3822.62,0.1386569872958257,0.18334592145015108,0.15625000000000003,0.6000000000000002,0.42059909725071815,0.5414746543778801,0.34,9
Opolskie,2011,23.0,5365.0,3094.0,298.0,40.0,59083.0,502.0,1013950.0,4381.0,30.51,52.91,2.94,0.39,3.33,0.23,43.21,4.95,3402.52,0.09909255898366606,0.1727719033232628,0.41875000000000007,0.40000000000000013,0.41895773491998367,0.40322580645161293,0.319,10
Lubuskie,2011,20.0,5281.0,3600.0,301.0,46.0,96694.0,517.0,1023158.0,4219.0,35.19,51.61,2.94,0.45,3.39,0.2,41.24,5.05,3399.2,0.1840290381125226,0.14822507552870093,0.4562500000000001,0.2500000000000001,0.3381206401313091,0.4262672811059907,0.3,11
Podkarpackie,2011,32.0,12644.0,7471.0,590.0,123.0,163930.0,1039.0,2128687.0,9555.0,35.1,59.4,2.77,0.58,3.35,0.15,44.89,4.88,3607.94,0.18239564428312158,0.29531722054380666,0.4312500000000001,0.0,0.48789495281083306,0.3870967741935483,0.297,12
Zachodniopomorskie,2011,33.0,8398.0,7010.0,491.0,39.0,156548.0,884.0,1722739.0,7746.0,40.69,48.75,2.85,0.23,3.08,0.19,44.96,5.13,3508.63,0.2838475499092558,0.0942220543806647,0.2625,0.20000000000000007,0.4907673368896185,0.44470046082949305,0.296,13
Wielkopolskie,2011,65.0,15388.0,9889.0,1053.0,103.0,206592.0,1783.0,3455477.0,15617.0,28.62,44.53,3.05,0.3,3.35,0.19,45.19,5.16,3281.55,0.0647912885662432,0.014539274924471358,0.4312500000000001,0.20000000000000007,0.5002051702913418,0.45161290322580644,0.277,14
Kujawsko-Pomorskie,2011,39.0,10696.0,8201.0,584.0,80.0,212604.0,751.0,2098370.0,9024.0,39.08,50.97,2.78,0.38,3.16,0.19,43.0,3.58,3593.1,0.254627949183303,0.1361404833836858,0.31250000000000006,0.20000000000000007,0.41034058268362744,0.08755760368663593,0.234,15
Pomorskie,2011,40.0,10840.0,9610.0,654.0,30.0,167626.0,881.0,2283500.0,8542.0,42.08,47.47,2.86,0.13,3.0,0.18,37.41,3.86,3491.59,0.3090744101633393,0.07005287009063446,0.21249999999999997,0.15,0.18096019696347956,0.15207373271889393,0.179,16
Lubelskie,2012,50.0,15000.0,12707.0,805.0,54.0,145661.0,1103.0,2165651.0,11836.0,58.68,69.26,3.72,0.25,3.97,0.23,54.65,5.09,2690.25,0.6103448275862067,0.48149546827794576,0.8187500000000002,0.40000000000000013,0.8883873615100534,0.4354838709677419,0.606,1
Łódzkie,2012,66.0,16767.0,13776.0,864.0,77.0,181431.0,1523.0,2524651.0,13134.0,54.57,66.41,3.42,0.3,3.73,0.26,52.02,6.03,2922.05,0.5357531760435571,0.42768126888217517,0.6687500000000001,0.5500000000000002,0.7804677882642596,0.652073732718894,0.602,2
Śląskie,2012,134.0,30119.0,24076.0,1395.0,100.0,249807.0,2737.0,4615870.0,26001.0,52.16,65.25,3.02,0.22,3.24,0.29,56.33,5.93,3308.87,0.4920145190562612,0.4057779456193354,0.3625000000000001,0.7,0.9573245794009028,0.629032258064516,0.591,3
Podlaskie,2012,33.0,7554.0,5691.0,352.0,64.0,99703.0,733.0,1198690.0,5851.0,47.48,63.02,2.94,0.53,3.47,0.28,48.81,6.12,3405.37,0.4070780399274046,0.3636706948640484,0.5062500000000002,0.6500000000000002,0.648748461222815,0.6728110599078341,0.541,4
Dolnośląskie,2012,80.0,18723.0,13845.0,970.0,72.0,170408.0,1369.0,2914362.0,14816.0,47.51,64.24,3.33,0.25,3.58,0.27,50.84,4.7,3004.5,0.40762250453720494,0.38670694864048333,0.5750000000000001,0.6000000000000002,0.7320475995075915,0.3456221198156682,0.508,5
Mazowieckie,2012,115.0,34667.0,32371.0,1585.0,146.0,277478.0,2497.0,5301760.0,26259.0,61.06,65.39,2.99,0.28,3.26,0.22,49.53,4.71,3344.96,0.6535390199637023,0.40842145015105746,0.37499999999999983,0.3500000000000001,0.6782929831760363,0.3479262672811059,0.469,6
Opolskie,2012,28.0,6436.0,3290.0,303.0,42.0,57072.0,518.0,1010203.0,4973.0,32.57,63.71,3.0,0.42,3.42,0.28,49.23,5.13,3334.0,0.1364791288566243,0.3766993957703928,0.475,0.6500000000000002,0.6659827656955273,0.44470046082949305,0.458,7
Małopolskie,2012,75.0,20018.0,17463.0,1112.0,128.0,171553.0,1647.0,3354077.0,14952.0,52.06,59.68,3.32,0.38,3.7,0.22,44.58,4.91,3016.26,0.4901996370235934,0.3006042296072508,0.6500000000000001,0.3500000000000001,0.4751743947476405,0.39400921658986177,0.443,8
Świętokrzyskie,2012,25.0,8118.0,5277.0,417.0,56.0,104628.0,540.0,1273995.0,6581.0,41.42,63.72,3.27,0.44,3.71,0.2,51.66,4.24,3055.14,0.29709618874773136,0.3768882175226586,0.65625,0.2500000000000001,0.7656955272876487,0.23963133640552997,0.431,9
Warmińsko-Mazurskie,2012,43.0,7959.0,5301.0,388.0,44.0,165874.0,805.0,1450697.0,6700.0,36.54,54.86,2.67,0.3,2.98,0.3,46.18,5.55,3738.91,0.20852994555353896,0.20959214501510576,0.19999999999999996,0.75,0.540828887977021,0.5414746543778801,0.408,10
Zachodniopomorskie,2012,40.0,10341.0,6941.0,502.0,37.0,146706.0,889.0,1721405.0,8387.0,40.32,60.07,2.92,0.21,3.13,0.23,48.72,5.16,3429.09,0.2771324863883847,0.3079682779456194,0.2937499999999999,0.40000000000000013,0.6450553959786623,0.45161290322580644,0.396,11
Lubuskie,2012,25.0,5686.0,3845.0,304.0,42.0,91095.0,536.0,1023317.0,4537.0,37.57,55.56,2.97,0.41,3.38,0.24,44.34,5.24,3366.17,0.2272232304900181,0.2228096676737161,0.44999999999999996,0.45,0.46532622076323366,0.4700460829493088,0.381,12
Podkarpackie,2012,39.0,13670.0,7951.0,600.0,122.0,160625.0,1068.0,2129951.0,10100.0,37.33,64.18,2.82,0.57,3.39,0.18,47.42,5.01,3549.92,0.22286751361161516,0.38557401812688835,0.4562500000000001,0.15,0.5917111202297909,0.41705069124423955,0.371,13
Wielkopolskie,2012,67.0,17012.0,11383.0,1137.0,116.0,201699.0,1801.0,3462196.0,16118.0,32.88,49.14,3.28,0.34,3.62,0.19,46.55,5.2,3045.03,0.14210526315789473,0.10158610271903327,0.6000000000000001,0.20000000000000007,0.5560114895363151,0.4608294930875576,0.343,14
Pomorskie,2012,51.0,14167.0,11069.0,682.0,42.0,157423.0,891.0,2290070.0,9068.0,48.33,61.86,2.98,0.18,3.16,0.22,39.6,3.89,3357.87,0.4225045372050816,0.34176737160120846,0.31250000000000006,0.3500000000000001,0.2708247845711942,0.15898617511520738,0.309,15
Kujawsko-Pomorskie,2012,42.0,11625.0,8920.0,583.0,78.0,213154.0,755.0,2096404.0,9507.0,42.55,55.45,2.78,0.37,3.15,0.2,45.35,3.6,3595.89,0.3176043557168783,0.22073262839879162,0.3062499999999999,0.2500000000000001,0.5067706196142799,0.0921658986175115,0.282,16
Łódzkie,2013,74.0,14596.0,14986.0,863.0,82.0,190901.0,1493.0,2513093.0,13428.0,59.63,58.08,3.43,0.33,3.76,0.29,53.43,5.94,2912.04,0.6275862068965516,0.270392749244713,0.6874999999999999,0.7,0.8383258104226509,0.631336405529954,0.626,1
Lubelskie,2013,58.0,14275.0,12254.0,810.0,51.0,149198.0,1113.0,2156150.0,11502.0,56.83,66.21,3.76,0.24,3.99,0.27,53.35,5.16,2661.91,0.5767695099818511,0.4239048338368579,0.8312500000000003,0.6000000000000002,0.8350430857611819,0.45161290322580644,0.62,2
Śląskie,2013,145.0,29656.0,24264.0,1401.0,115.0,264317.0,2702.0,4599447.0,25898.0,52.75,64.48,3.05,0.25,3.3,0.32,56.31,5.87,3282.97,0.5027223230490018,0.3912386706948642,0.3999999999999999,0.8500000000000001,0.9565038982355357,0.6152073732718895,0.619,3
Podlaskie,2013,35.0,7516.0,5865.0,377.0,67.0,102410.0,737.0,1194965.0,5850.0,49.08,62.9,3.15,0.56,3.72,0.29,48.96,6.17,3169.67,0.4361161524500906,0.361404833836858,0.6625000000000002,0.7,0.6549035699630694,0.684331797235023,0.583,4
Dolnośląskie,2013,80.0,17693.0,14132.0,993.0,75.0,176958.0,1346.0,2909997.0,15073.0,48.56,60.8,3.41,0.26,3.67,0.27,51.8,4.63,2930.51,0.42667876588021775,0.3217522658610272,0.63125,0.6000000000000002,0.7714402954452195,0.32949308755760365,0.513,5
Mazowieckie,2013,120.0,34365.0,32596.0,1648.0,154.0,286208.0,2544.0,5316840.0,26525.0,61.31,64.63,3.1,0.29,3.39,0.23,49.89,4.78,3226.24,0.658076225045372,0.3940709969788519,0.4562500000000001,0.40000000000000013,0.6930652441526468,0.36405529953917054,0.494,6
Małopolskie,2013,84.0,20338.0,18261.0,1103.0,139.0,178211.0,1699.0,3360581.0,14868.0,54.34,60.52,3.28,0.41,3.7,0.25,44.24,5.06,3046.76,0.531578947368421,0.3164652567975832,0.6500000000000001,0.5000000000000001,0.46122281493639733,0.42857142857142844,0.481,7
Zachodniopomorskie,2013,51.0,8741.0,7512.0,520.0,39.0,149143.0,902.0,1718861.0,8403.0,43.7,50.85,3.03,0.23,3.25,0.3,48.89,5.25,3305.5,0.338475499092559,0.13387462235649553,0.36874999999999997,0.75,0.652031185884284,0.4723502304147465,0.453,8
Opolskie,2013,28.0,5483.0,3402.0,308.0,47.0,61898.0,520.0,1004416.0,4930.0,33.87,54.59,3.07,0.47,3.53,0.28,49.08,5.18,3261.09,0.16007259528130663,0.2044939577039276,0.54375,0.6500000000000002,0.6598276569552729,0.45622119815668194,0.446,9
Świętokrzyskie,2013,25.0,8152.0,5491.0,410.0,59.0,111593.0,557.0,1268239.0,6202.0,43.3,64.28,3.23,0.47,3.7,0.2,48.9,4.39,3093.27,0.3312159709618874,0.3874622356495469,0.6500000000000001,0.2500000000000001,0.6524415264669676,0.27419354838709664,0.424,10
Warmińsko-Mazurskie,2013,42.0,8235.0,5456.0,401.0,45.0,172031.0,810.0,1446915.0,6675.0,37.71,56.91,2.77,0.31,3.08,0.29,46.13,5.6,3608.27,0.22976406533575314,0.24830060422960723,0.2625,0.7,0.538777185063603,0.5529953917050691,0.422,11
Lubuskie,2013,25.0,5746.0,4087.0,313.0,46.0,94372.0,529.0,1021470.0,4469.0,40.01,56.25,3.06,0.45,3.51,0.24,43.75,5.18,3263.48,0.27150635208711427,0.23583836858006046,0.5312499999999999,0.45,0.4411161263848995,0.45622119815668194,0.398,12
Podkarpackie,2013,39.0,13562.0,8123.0,629.0,125.0,168463.0,1087.0,2129294.0,10180.0,38.15,63.69,2.95,0.59,3.54,0.18,47.81,5.1,3385.21,0.23774954627949177,0.376321752265861,0.55,0.15,0.6077144029544523,0.4377880184331796,0.393,13
Pomorskie,2013,54.0,11836.0,10774.0,710.0,43.0,162828.0,925.0,2295811.0,9459.0,46.93,51.55,3.09,0.19,3.28,0.24,41.2,4.03,3233.54,0.39709618874773134,0.14709214501510573,0.3874999999999999,0.45,0.3364792778005746,0.19124423963133644,0.318,14
Wielkopolskie,2013,64.0,15840.0,10846.0,1155.0,114.0,212722.0,1807.0,3467016.0,14659.0,31.28,45.69,3.33,0.33,3.66,0.18,42.28,5.21,3001.75,0.1130671506352087,0.03644259818731117,0.6250000000000001,0.15,0.38079606073040634,0.4631336405529954,0.295,15
Kujawsko-Pomorskie,2013,42.0,11465.0,9278.0,580.0,83.0,228396.0,758.0,2092564.0,9642.0,44.34,54.79,2.77,0.4,3.17,0.2,46.08,3.62,3607.87,0.3500907441016334,0.20827039274924472,0.3187499999999999,0.2500000000000001,0.5367254821501847,0.09677419354838708,0.293,16
Śląskie,2014,151.0,30715.0,26079.0,1456.0,110.0,250877.0,2806.0,4585924.0,25757.0,56.87,66.98,3.17,0.24,3.41,0.33,56.17,6.12,3149.67,0.5774954627949181,0.4384441087613294,0.4687500000000001,0.9000000000000001,0.9507591300779649,0.6728110599078341,0.668,1
Lubelskie,2014,59.0,13973.0,12547.0,813.0,55.0,144013.0,1180.0,2147746.0,11367.0,58.42,65.06,3.79,0.26,4.04,0.27,52.93,5.49,2641.75,0.6056261343012704,0.40219033232628404,0.8625000000000002,0.6000000000000002,0.8178087812884695,0.5276497695852534,0.636,2
Łódzkie,2014,71.0,14655.0,15665.0,856.0,85.0,176790.0,1546.0,2504136.0,13291.0,62.56,58.52,3.42,0.34,3.76,0.28,53.08,6.17,2925.39,0.6807622504537205,0.27870090634441097,0.6874999999999999,0.6500000000000002,0.8239638900287238,0.684331797235023,0.634,3
Podlaskie,2014,36.0,7290.0,5830.0,386.0,66.0,98448.0,753.0,1191918.0,5893.0,48.91,61.16,3.24,0.55,3.79,0.3,49.44,6.32,3087.87,0.43303085299455524,0.32854984894259814,0.70625,0.75,0.6745999179318835,0.7188940092165899,0.602,4
Dolnośląskie,2014,83.0,17386.0,14992.0,1006.0,74.0,165936.0,1337.0,2908457.0,14907.0,51.55,59.78,3.46,0.25,3.71,0.29,51.25,4.6,2891.11,0.48094373865698714,0.3024924471299094,0.65625,0.7,0.7488715633976201,0.3225806451612902,0.535,5
Małopolskie,2014,85.0,21865.0,19858.0,1131.0,145.0,174605.0,1743.0,3368336.0,14976.0,58.95,64.91,3.36,0.43,3.79,0.25,44.46,5.17,2978.19,0.6152450090744102,0.39935800604229604,0.70625,0.5000000000000001,0.4702503077554371,0.4539170506912442,0.524,6
Mazowieckie,2014,120.0,35606.0,36365.0,1699.0,146.0,275109.0,2623.0,5334511.0,26147.0,68.17,66.75,3.18,0.27,3.46,0.22,49.01,4.92,3139.79,0.7825771324863884,0.4341012084592145,0.5,0.3500000000000001,0.6569552728764875,0.3963133640552995,0.52,7
Opolskie,2014,29.0,5737.0,3497.0,307.0,48.0,58689.0,532.0,1000858.0,4857.0,34.94,57.32,3.07,0.48,3.55,0.29,48.53,5.32,3260.12,0.17949183303085292,0.2560422960725076,0.5562499999999999,0.7,0.6372589249076734,0.4884792626728111,0.47,8
Zachodniopomorskie,2014,50.0,8961.0,7719.0,533.0,41.0,136186.0,934.0,1715431.0,8352.0,45.0,52.24,3.11,0.24,3.35,0.29,48.69,5.44,3218.44,0.3620689655172413,0.16012084592145023,0.4312500000000001,0.7,0.6438243742306113,0.5161290322580646,0.469,9
Świętokrzyskie,2014,25.0,8459.0,5780.0,418.0,61.0,106596.0,568.0,1263176.0,6309.0,45.76,66.97,3.31,0.48,3.79,0.2,49.95,4.5,3021.95,0.37586206896551716,0.43825528700906347,0.70625,0.2500000000000001,0.6955272876487486,0.2995391705069124,0.461,10
Warmińsko-Mazurskie,2014,44.0,8134.0,5798.0,416.0,44.0,163916.0,827.0,1443967.0,6639.0,40.15,56.33,2.88,0.3,3.19,0.3,45.98,5.73,3471.07,0.2740471869328493,0.2373489425981873,0.33124999999999993,0.75,0.5326220763233483,0.5829493087557605,0.451,11
Lubuskie,2014,25.0,5642.0,4312.0,323.0,54.0,89964.0,547.0,1020307.0,4443.0,42.26,55.3,3.17,0.53,3.69,0.25,43.55,5.36,3158.85,0.3123411978221415,0.2179003021148036,0.64375,0.5000000000000001,0.43290931473122685,0.4976958525345623,0.434,12
Podkarpackie,2014,41.0,13818.0,8365.0,639.0,131.0,157232.0,1125.0,2129187.0,10289.0,39.29,64.9,3.0,0.62,3.62,0.19,48.32,5.28,3332.06,0.2584392014519056,0.39916918429003034,0.6000000000000001,0.20000000000000007,0.6286417726713173,0.47926267281105994,0.428,13
Wielkopolskie,2014,63.0,17133.0,13537.0,1185.0,113.0,201650.0,1817.0,3472579.0,15665.0,38.98,49.34,3.41,0.33,3.74,0.18,45.11,5.23,2930.45,0.2528130671506351,0.10536253776435055,0.6750000000000002,0.15,0.4969224456298728,0.46774193548387105,0.358,14
Kujawsko-Pomorskie,2014,42.0,11535.0,9571.0,586.0,88.0,213730.0,775.0,2089992.0,9891.0,45.79,55.19,2.8,0.42,3.22,0.2,47.33,3.71,3566.54,0.3764065335753175,0.21582326283987915,0.3500000000000001,0.2500000000000001,0.5880180549856381,0.11751152073732714,0.316,15
Pomorskie,2014,55.0,11400.0,11423.0,684.0,48.0,154037.0,939.0,2302077.0,9333.0,49.62,49.52,2.97,0.21,3.18,0.24,40.54,4.08,3365.61,0.44591651542649713,0.10876132930513605,0.32500000000000007,0.45,0.30939679934345504,0.20276497695852533,0.307,16
Śląskie,2015,152.0,31813.0,28264.0,1486.0,104.0,239787.0,2814.0,4570849.0,25526.0,61.84,69.6,3.25,0.23,3.48,0.33,55.85,6.16,3075.94,0.6676950998185118,0.48791540785498483,0.5125000000000001,0.9000000000000001,0.9376282314320888,0.6820276497695853,0.698,1
Lubelskie,2015,57.0,14350.0,12618.0,819.0,56.0,136524.0,1186.0,2139726.0,11307.0,58.97,67.06,3.83,0.26,4.09,0.27,52.84,5.54,2612.61,0.6156079854809436,0.43995468277945626,0.89375,0.6000000000000002,0.814115716044317,0.5391705069124424,0.65,2
Łódzkie,2015,68.0,14575.0,15744.0,912.0,88.0,168895.0,1562.0,2493603.0,12985.0,63.14,58.45,3.66,0.35,4.01,0.27,52.07,6.26,2734.21,0.6912885662431941,0.27737915407854996,0.84375,0.6000000000000002,0.7825194911776776,0.7050691244239631,0.65,2
Podlaskie,2015,34.0,7419.0,5997.0,387.0,61.0,94333.0,760.0,1188800.0,5933.0,50.45,62.41,3.26,0.51,3.77,0.29,49.91,6.39,3071.83,0.4609800362976406,0.3521525679758308,0.6937500000000001,0.7,0.6938859253180139,0.7350230414746542,0.606,4
Małopolskie,2015,81.0,21465.0,20470.0,1140.0,139.0,170252.0,1817.0,3372618.0,14861.0,60.69,63.64,3.38,0.41,3.79,0.24,44.06,5.39,2958.44,0.6468239564428311,0.3753776435045318,0.70625,0.45,0.45383668444809205,0.5046082949308754,0.523,5
Mazowieckie,2015,112.0,35029.0,36746.0,1738.0,144.0,264664.0,2741.0,5349114.0,25929.0,68.7,65.49,3.25,0.27,3.52,0.21,48.47,5.12,3077.74,0.7921960072595281,0.41030966767371596,0.5375000000000001,0.3,0.6347968814115716,0.44239631336405527,0.52,6
Dolnośląskie,2015,79.0,16900.0,14946.0,1012.0,68.0,153612.0,1350.0,2904207.0,14841.0,51.46,58.19,3.48,0.23,3.72,0.27,51.1,4.65,2869.77,0.4793103448275861,0.27246978851963743,0.6625000000000002,0.6000000000000002,0.7427164546573658,0.3341013824884793,0.515,7
Opolskie,2015,28.0,6465.0,3704.0,314.0,47.0,56238.0,538.0,996011.0,4604.0,37.19,64.91,3.15,0.47,3.62,0.28,46.22,5.4,3172.01,0.22032667876588014,0.39935800604229604,0.6000000000000001,0.6500000000000002,0.5424702503077554,0.5069124423963134,0.487,8
Świętokrzyskie,2015,25.0,8559.0,6066.0,421.0,60.0,101202.0,576.0,1257179.0,6313.0,48.25,68.08,3.35,0.48,3.83,0.2,50.22,4.58,2986.17,0.4210526315789473,0.459214501510574,0.7312500000000001,0.2500000000000001,0.7066064833812065,0.31797235023041476,0.481,9
Zachodniopomorskie,2015,48.0,8982.0,7709.0,560.0,44.0,126275.0,931.0,1710482.0,8268.0,45.07,52.51,3.27,0.26,3.53,0.28,48.34,5.44,3054.43,0.3633393829401088,0.1652190332326284,0.54375,0.6500000000000002,0.6294624538366846,0.5161290322580646,0.478,10
Podkarpackie,2015,41.0,14626.0,8826.0,655.0,134.0,151968.0,1137.0,2127657.0,10249.0,41.48,68.74,3.08,0.63,3.71,0.19,48.17,5.34,3248.33,0.298185117967332,0.47167673716012076,0.65625,0.20000000000000007,0.6224866639310629,0.49308755760368655,0.457,11
Warmińsko-Mazurskie,2015,43.0,7774.0,5577.0,411.0,45.0,156362.0,831.0,1439675.0,6668.0,38.74,54.0,2.85,0.31,3.17,0.3,46.32,5.77,3502.86,0.24845735027223229,0.19335347432024172,0.3187499999999999,0.75,0.5465736561345917,0.5921658986175115,0.442,12
Lubuskie,2015,26.0,5651.0,4329.0,316.0,51.0,85187.0,551.0,1018075.0,4402.0,42.52,55.51,3.1,0.5,3.6,0.26,43.24,5.41,3221.76,0.31705989110707805,0.2218655589123867,0.5875000000000001,0.5500000000000002,0.42018875666803457,0.5092165898617511,0.434,13
Wielkopolskie,2015,65.0,15949.0,12705.0,1234.0,123.0,187377.0,1851.0,3475323.0,15756.0,36.56,45.89,3.55,0.35,3.9,0.19,45.34,5.33,2816.31,0.2088929219600726,0.040219033232628446,0.775,0.20000000000000007,0.5063602790315964,0.49078341013824883,0.37,14
Kujawsko-Pomorskie,2015,43.0,11941.0,10229.0,607.0,87.0,200645.0,818.0,2086210.0,9846.0,49.03,57.24,2.91,0.42,3.33,0.21,47.2,3.92,3436.92,0.4352087114337567,0.25453172205438074,0.41875000000000007,0.3,0.5826836274107511,0.16589861751152069,0.36,15
Pomorskie,2015,54.0,11636.0,11720.0,728.0,48.0,147761.0,949.0,2307710.0,9506.0,50.79,50.42,3.15,0.21,3.36,0.23,41.19,4.11,3169.93,0.4671506352087113,0.12575528700906352,0.43749999999999994,0.40000000000000013,0.3360689372178908,0.20967741935483875,0.329,16
Śląskie,2016,155.0,31553.0,28832.0,1508.0,106.0,214286.0,2873.0,4559164.0,25418.0,63.24,69.21,3.31,0.23,3.54,0.34,55.75,6.3,3023.32,0.6931034482758619,0.4805513595166162,0.55,0.9500000000000002,0.9335248256052524,0.7142857142857142,0.72,1
Łódzkie,2016,67.0,14284.0,16371.0,935.0,96.0,153471.0,1619.0,2485323.0,12777.0,65.87,57.47,3.76,0.39,4.15,0.27,51.41,6.51,2658.1,0.7408348457350272,0.2588746223564955,0.9312500000000004,0.6000000000000002,0.755437012720558,0.7626728110599078,0.675,2
Podlaskie,2016,37.0,7611.0,6303.0,406.0,59.0,85773.0,765.0,1186625.0,6025.0,53.12,64.14,3.42,0.5,3.92,0.31,50.77,6.45,2922.72,0.5094373865698728,0.38481873111782483,0.7875000000000001,0.8,0.7291752154288061,0.7488479262672811,0.66,3
Lubelskie,2016,55.0,14123.0,12677.0,833.0,58.0,123154.0,1227.0,2133340.0,11256.0,59.42,66.2,3.9,0.27,4.18,0.26,52.76,5.75,2561.03,0.6237749546279492,0.42371601208459225,0.95,0.5500000000000002,0.8108329913828478,0.5875576036866359,0.658,4
Dolnośląskie,2016,82.0,17010.0,15967.0,1063.0,72.0,137867.0,1515.0,2903710.0,14899.0,54.99,58.58,3.66,0.25,3.91,0.28,51.31,5.22,2731.62,0.5433756805807622,0.27983383685800606,0.7812500000000002,0.6500000000000002,0.751333606893722,0.4654377880184331,0.579,5
Małopolskie,2016,90.0,22010.0,21714.0,1139.0,142.0,155887.0,1889.0,3382260.0,14919.0,64.2,65.07,3.37,0.42,3.79,0.27,44.11,5.59,2969.5,0.7105263157894737,0.40237915407854974,0.70625,0.6000000000000002,0.45588838736151005,0.5506912442396312,0.571,6
Mazowieckie,2016,108.0,35157.0,38272.0,1778.0,140.0,244306.0,2885.0,5365898.0,26240.0,71.32,65.52,3.31,0.26,3.57,0.2,48.9,5.38,3017.94,0.8397459165154263,0.41087613293051356,0.56875,0.2500000000000001,0.6524415264669676,0.5023041474654377,0.537,7
Opolskie,2016,30.0,5755.0,3938.0,327.0,47.0,52073.0,543.0,993036.0,4741.0,39.66,57.95,3.29,0.47,3.77,0.3,47.74,5.47,3036.81,0.26515426497277667,0.26793806646525686,0.6937500000000001,0.75,0.6048420188756669,0.5230414746543778,0.517,8
Świętokrzyskie,2016,25.0,8599.0,6297.0,425.0,58.0,91678.0,606.0,1252900.0,6312.0,50.26,68.63,3.39,0.46,3.86,0.2,50.38,4.84,2948.0,0.4575317604355716,0.46959969788519634,0.75,0.2500000000000001,0.7131719327041446,0.37788018433179715,0.503,9
Warmińsko-Mazurskie,2016,45.0,8301.0,6127.0,428.0,44.0,140244.0,870.0,1436367.0,6757.0,42.66,57.79,2.98,0.31,3.29,0.31,47.04,6.06,3356.0,0.31960072595281297,0.26491691842900306,0.39375000000000004,0.8,0.576118178087813,0.6589861751152073,0.502,10
Zachodniopomorskie,2016,46.0,8979.0,8163.0,575.0,45.0,113951.0,973.0,1708174.0,8173.0,47.79,52.56,3.37,0.26,3.63,0.27,47.85,5.7,2970.74,0.41270417422867506,0.1661631419939578,0.60625,0.6000000000000002,0.6093557652851869,0.5760368663594471,0.495,11
Podkarpackie,2016,40.0,14254.0,9170.0,700.0,138.0,137591.0,1182.0,2127656.0,10342.0,43.1,66.99,3.29,0.65,3.94,0.19,48.61,5.56,3039.51,0.3275862068965517,0.4386329305135951,0.8,0.20000000000000007,0.6405416495691424,0.5437788018433178,0.492,12
Lubuskie,2016,24.0,5583.0,4425.0,319.0,53.0,76651.0,584.0,1017376.0,4347.0,43.49,54.88,3.14,0.52,3.66,0.24,42.73,5.74,3189.27,0.3346642468239564,0.20996978851963755,0.6250000000000001,0.45,0.39926138695116936,0.5852534562211982,0.434,13
Kujawsko-Pomorskie,2016,40.0,11908.0,10833.0,630.0,84.0,179257.0,834.0,2083927.0,9860.0,51.98,57.14,3.02,0.4,3.43,0.19,47.31,4.0,3307.82,0.48874773139745903,0.2526435045317221,0.4812500000000001,0.20000000000000007,0.5871973738202709,0.184331797235023,0.366,14
Wielkopolskie,2016,60.0,15268.0,12523.0,1299.0,126.0,169121.0,1932.0,3481625.0,15422.0,35.97,43.85,3.73,0.36,4.09,0.17,44.3,5.55,2680.23,0.19818511796733207,0.0016993957703928136,0.89375,0.1000000000000001,0.4636848584324989,0.5414746543778801,0.366,14
Pomorskie,2016,53.0,11502.0,12584.0,739.0,48.0,134911.0,1002.0,2315611.0,9119.0,54.34,49.67,3.19,0.21,3.4,0.23,39.38,4.33,3133.44,0.531578947368421,0.11159365558912393,0.46249999999999997,0.40000000000000013,0.26179729175215444,0.26036866359447003,0.338,16
Śląskie,2017,155.0,33203.0,30157.0,1526.0,110.0,190637.0,2849.0,4548180.0,25091.0,66.31,73.0,3.36,0.24,3.6,0.34,55.17,6.26,2980.46,0.7488203266787659,0.5521148036253777,0.5875000000000001,0.9500000000000002,0.9097250718096022,0.7050691244239631,0.742,1
Łódzkie,2017,65.0,15081.0,16075.0,945.0,97.0,138528.0,1621.0,2476315.0,12776.0,64.92,60.9,3.82,0.39,4.21,0.26,51.59,6.55,2620.44,0.7235934664246824,0.3236404833836858,0.9687500000000001,0.5500000000000002,0.7628231432088636,0.7718894009216589,0.683,2
Lubelskie,2017,53.0,14759.0,13058.0,831.0,58.0,106750.0,1288.0,2126317.0,11190.0,61.41,69.41,3.91,0.27,4.18,0.25,52.63,6.06,2558.74,0.6598911070780398,0.4843277945619335,0.95,0.5000000000000001,0.8054985638079608,0.6589861751152073,0.676,3
Podlaskie,2017,36.0,7454.0,6196.0,413.0,60.0,77007.0,764.0,1184548.0,5964.0,52.31,62.93,3.49,0.51,3.99,0.3,50.35,6.45,2868.15,0.4947368421052631,0.3619712990936556,0.8312500000000003,0.75,0.7119409109560937,0.7488479262672811,0.65,4
Małopolskie,2017,87.0,23216.0,22747.0,1157.0,135.0,152179.0,1915.0,3391380.0,14988.0,67.07,68.46,3.41,0.4,3.81,0.26,44.19,5.65,2931.18,0.7626134301270415,0.46638972809667667,0.7187500000000001,0.5500000000000002,0.459171112022979,0.5645161290322581,0.587,5
Dolnośląskie,2017,81.0,17491.0,15264.0,1077.0,63.0,125046.0,1542.0,2902547.0,14637.0,52.59,60.26,3.71,0.22,3.93,0.28,50.43,5.31,2695.03,0.4998185117967332,0.31155589123867067,0.7937500000000002,0.6500000000000002,0.7152236356175626,0.48617511520737317,0.576,6
Mazowieckie,2017,118.0,36195.0,38625.0,1795.0,143.0,223366.0,3028.0,5384617.0,26049.0,71.73,67.22,3.33,0.27,3.6,0.22,48.38,5.62,2999.79,0.8471869328493647,0.44297583081570996,0.5875000000000001,0.3500000000000001,0.6311038161674192,0.5576036866359447,0.569,7
Świętokrzyskie,2017,25.0,9319.0,6455.0,432.0,60.0,83561.0,624.0,1247732.0,6125.0,51.73,74.69,3.46,0.48,3.94,0.2,49.09,5.0,2888.27,0.4842105263157893,0.5840256797583081,0.8,0.2500000000000001,0.6602379975379568,0.4147465437788018,0.532,8
Opolskie,2017,31.0,5965.0,3914.0,335.0,43.0,47389.0,546.0,990069.0,4569.0,39.53,60.25,3.38,0.43,3.82,0.31,46.15,5.51,2955.43,0.2627949183303085,0.31136706948640486,0.725,0.8,0.53959786622897,0.532258064516129,0.529,9
Podkarpackie,2017,41.0,15137.0,9383.0,714.0,128.0,122465.0,1242.0,2129138.0,10219.0,44.07,71.09,3.35,0.6,3.95,0.19,48.0,5.83,2981.99,0.34519056261343006,0.5160498489425983,0.8062500000000002,0.20000000000000007,0.6155108740254411,0.6059907834101382,0.515,10
Warmińsko-Mazurskie,2017,44.0,8227.0,5826.0,439.0,42.0,125898.0,869.0,1433945.0,6709.0,40.63,57.37,3.06,0.29,3.35,0.31,46.79,6.06,3266.39,0.2827586206896552,0.25698640483383683,0.4312500000000001,0.8,0.5658596635207223,0.6589861751152073,0.499,11
Zachodniopomorskie,2017,44.0,9147.0,8330.0,588.0,44.0,100011.0,973.0,1705533.0,7895.0,48.84,53.63,3.45,0.26,3.71,0.26,46.29,5.7,2900.57,0.4317604355716878,0.1863670694864049,0.65625,0.5500000000000002,0.5453426343865408,0.5760368663594471,0.491,12
Lubuskie,2017,24.0,5936.0,4592.0,329.0,49.0,69413.0,585.0,1016832.0,4401.0,45.16,58.38,3.24,0.48,3.72,0.24,43.28,5.75,3090.67,0.36497277676950984,0.2760574018126889,0.6625000000000002,0.45,0.42183011899876904,0.5875576036866359,0.46,13
Wielkopolskie,2017,62.0,16522.0,13154.0,1364.0,123.0,158227.0,1931.0,3489210.0,15600.0,37.7,47.35,3.91,0.35,4.26,0.18,44.71,5.53,2558.07,0.2295825771324864,0.06778700906344418,1.0,0.15,0.4805088223225278,0.5368663594470047,0.411,14
Kujawsko-Pomorskie,2017,41.0,12507.0,11236.0,648.0,85.0,167527.0,862.0,2082944.0,9794.0,53.94,60.04,3.11,0.41,3.52,0.2,47.02,4.14,3214.42,0.5243194192377494,0.3074018126888218,0.5375000000000001,0.2500000000000001,0.5752974969224458,0.21658986175115197,0.402,15
Pomorskie,2017,44.0,11943.0,13071.0,745.0,44.0,122982.0,1026.0,2324251.0,9256.0,56.24,51.38,3.21,0.19,3.39,0.19,39.82,4.41,3119.8,0.5660617059891107,0.1438821752265862,0.4562500000000001,0.20000000000000007,0.27985227739023394,0.27880184331797236,0.321,16
Śląskie,2018,157.0,33627.0,30382.0,1485.0,102.0,167395.0,2790.0,4533565.0,24689.0,67.02,74.17,3.28,0.22,3.5,0.35,54.46,6.15,3052.91,0.7617059891107076,0.5742069486404835,0.525,1.0,0.8805908904390646,0.6797235023041476,0.737,1
Łódzkie,2018,69.0,15207.0,15921.0,906.0,94.0,126723.0,1631.0,2466322.0,12527.0,64.55,61.66,3.67,0.38,4.05,0.28,50.79,6.61,2722.21,0.7168784029038111,0.3379909365558912,0.86875,0.6500000000000002,0.7299958965941732,0.7857142857142858,0.682,2
Podlaskie,2018,34.0,7751.0,6115.0,398.0,54.0,69792.0,758.0,1181533.0,5888.0,51.75,65.6,3.37,0.46,3.83,0.29,49.83,6.42,2968.68,0.48457350272232297,0.4123867069486404,0.7312500000000001,0.7,0.6906032006565449,0.7419354838709677,0.627,3
Lubelskie,2018,45.0,14754.0,12746.0,812.0,54.0,97747.0,1261.0,2117619.0,10988.0,60.19,69.67,3.83,0.26,4.09,0.21,51.89,5.95,2607.91,0.6377495462794918,0.489237160120846,0.89375,0.3,0.7751333606893723,0.6336405529953917,0.622,4
Małopolskie,2018,88.0,23897.0,23376.0,1117.0,128.0,145635.0,1976.0,3400577.0,14853.0,68.74,70.27,3.28,0.38,3.66,0.26,43.68,5.81,3044.38,0.7929219600725951,0.5005664652567975,0.6250000000000001,0.5500000000000002,0.4382437423061141,0.6013824884792626,0.585,5
Mazowieckie,2018,121.0,37875.0,41626.0,1738.0,143.0,206321.0,3046.0,5403412.0,25770.0,77.04,70.09,3.22,0.26,3.48,0.22,47.69,5.64,3108.98,0.9435571687840291,0.49716767371601217,0.5125000000000001,0.3500000000000001,0.6027903159622486,0.5622119815668202,0.578,6
Dolnośląskie,2018,82.0,17714.0,15502.0,1037.0,66.0,111617.0,1602.0,2901225.0,14659.0,53.43,61.06,3.57,0.23,3.8,0.28,50.53,5.52,2797.71,0.5150635208711433,0.32666163141993965,0.7124999999999999,0.6500000000000002,0.719327041444399,0.5345622119815667,0.576,7
Podkarpackie,2018,42.0,15837.0,9727.0,687.0,124.0,111851.0,1229.0,2129015.0,9935.0,45.69,74.39,3.23,0.58,3.81,0.2,46.66,5.77,3099.0,0.3745916515426496,0.5783610271903323,0.7187500000000001,0.2500000000000001,0.5605252359458349,0.5921658986175115,0.512,8
Opolskie,2018,30.0,6089.0,3872.0,319.0,40.0,42922.0,561.0,986506.0,4418.0,39.25,61.72,3.23,0.41,3.64,0.3,44.78,5.69,3092.5,0.25771324863883843,0.33912386706948644,0.6125000000000002,0.75,0.4833812064013132,0.5737327188940092,0.503,9
Zachodniopomorskie,2018,43.0,9764.0,8799.0,575.0,47.0,89919.0,997.0,1701030.0,7842.0,51.73,57.4,3.38,0.28,3.66,0.25,46.1,5.86,2958.31,0.4842105263157893,0.25755287009063443,0.6250000000000001,0.5000000000000001,0.537546163315552,0.6129032258064516,0.503,9
Świętokrzyskie,2018,24.0,9417.0,6574.0,412.0,55.0,74573.0,634.0,1241546.0,5721.0,52.95,75.85,3.32,0.44,3.76,0.19,46.08,5.11,3013.46,0.5063520871143375,0.6059290030211479,0.6874999999999999,0.20000000000000007,0.5367254821501847,0.44009216589861755,0.496,11
Warmińsko-Mazurskie,2018,43.0,7799.0,5313.0,432.0,41.0,115517.0,856.0,1428983.0,6411.0,37.18,54.58,3.02,0.29,3.31,0.3,44.86,5.99,3307.83,0.2201451905626134,0.20430513595166164,0.40625000000000006,0.75,0.48666393106278216,0.6428571428571429,0.452,12
Lubuskie,2018,24.0,5980.0,4394.0,313.0,41.0,62057.0,582.0,1014548.0,4279.0,43.31,58.94,3.09,0.4,3.49,0.24,42.18,5.74,3241.37,0.33139745916515423,0.286631419939577,0.5187500000000002,0.45,0.37669265490357,0.5852534562211982,0.425,13
Kujawsko-Pomorskie,2018,41.0,12779.0,11201.0,628.0,84.0,148345.0,908.0,2077775.0,9591.0,53.91,61.5,3.02,0.4,3.43,0.2,46.16,4.37,3308.56,0.523774954627949,0.3349697885196375,0.4812500000000001,0.2500000000000001,0.5400082068116536,0.2695852534562212,0.4,14
Wielkopolskie,2018,61.0,16022.0,13025.0,1316.0,125.0,142206.0,1937.0,3493969.0,15061.0,37.28,45.86,3.77,0.36,4.12,0.17,43.11,5.54,2654.99,0.22196007259528128,0.03965256797583084,0.9125000000000002,0.1000000000000001,0.41485432909314734,0.5391705069124424,0.371,15
Pomorskie,2018,45.0,13233.0,13179.0,724.0,45.0,109933.0,1113.0,2333523.0,9100.0,56.48,56.71,3.1,0.19,3.3,0.19,39.0,4.77,3223.1,0.5704174228675134,0.24452416918429007,0.3999999999999999,0.20000000000000007,0.24620434961017648,0.3617511520737326,0.337,16
Śląskie,2019,136.0,33706.0,30708.0,1420.0,99.0,152608.0,2797.0,4517635.0,23287.0,67.97,74.61,3.14,0.22,3.36,0.3,51.55,6.19,3181.43,0.7789473684210525,0.5825151057401813,0.43749999999999994,0.75,0.7611817808781288,0.6889400921658987,0.667,1
Łódzkie,2019,63.0,15387.0,16072.0,829.0,78.0,116540.0,1630.0,2454779.0,11516.0,65.47,62.68,3.38,0.32,3.69,0.26,46.91,6.64,2961.13,0.7335753176043557,0.3572507552870091,0.64375,0.5500000000000002,0.5707837505129256,0.792626728110599,0.608,2
Lubelskie,2019,46.0,15223.0,13421.0,753.0,54.0,89172.0,1229.0,2108270.0,9984.0,63.66,72.21,3.57,0.26,3.83,0.22,47.36,5.83,2799.83,0.700725952813067,0.5371978851963746,0.7312500000000001,0.3500000000000001,0.589249076733689,0.6059907834101382,0.586,3
Podlaskie,2019,32.0,7867.0,6146.0,382.0,51.0,64050.0,762.0,1178353.0,5086.0,52.16,66.76,3.24,0.43,3.67,0.27,43.16,6.47,3084.69,0.4920145190562612,0.4342900302114805,0.63125,0.6000000000000002,0.41690603200656534,0.7534562211981566,0.555,4
Mazowieckie,2019,112.0,39092.0,43465.0,1682.0,136.0,192733.0,3096.0,5423168.0,24028.0,80.15,72.08,3.1,0.25,3.35,0.21,44.31,5.71,3224.24,1.0,0.5347432024169184,0.4312500000000001,0.3,0.46409519901518276,0.5783410138248848,0.551,5
Dolnośląskie,2019,84.0,18060.0,16046.0,992.0,62.0,102818.0,1611.0,2900163.0,13152.0,55.33,62.27,3.42,0.21,3.63,0.29,45.35,5.55,2923.55,0.5495462794918329,0.34950906344410887,0.60625,0.7,0.5067706196142799,0.5414746543778801,0.542,6
Małopolskie,2019,73.0,24088.0,23688.0,1062.0,123.0,138691.0,1924.0,3410901.0,13750.0,69.45,70.62,3.11,0.36,3.47,0.21,40.31,5.64,3211.77,0.8058076225045372,0.5071752265861028,0.5062500000000002,0.3,0.29995896594173177,0.5622119815668202,0.497,7
Podkarpackie,2019,41.0,16236.0,10054.0,665.0,122.0,102023.0,1251.0,2127164.0,9349.0,47.26,76.33,3.13,0.57,3.7,0.19,43.95,5.88,3198.74,0.4030852994555353,0.6149924471299094,0.6500000000000001,0.20000000000000007,0.4493229380385722,0.6175115207373272,0.489,8
Świętokrzyskie,2019,24.0,9689.0,6575.0,396.0,54.0,68687.0,642.0,1233961.0,5348.0,53.28,78.52,3.21,0.44,3.65,0.19,43.34,5.2,3116.06,0.5123411978221415,0.6563444108761329,0.61875,0.20000000000000007,0.42429216249487095,0.4608294930875576,0.479,9
Opolskie,2019,29.0,6206.0,4060.0,304.0,43.0,38957.0,548.0,982626.0,3839.0,41.32,63.16,3.09,0.44,3.53,0.3,39.07,5.58,3232.32,0.2952813067150635,0.36631419939577037,0.54375,0.75,0.24907673368896188,0.5483870967741935,0.459,10
Zachodniopomorskie,2019,44.0,9812.0,8969.0,552.0,42.0,80321.0,923.0,1696193.0,6876.0,52.88,57.85,3.25,0.25,3.5,0.26,40.54,5.44,3072.81,0.5050816696914701,0.26604984894259825,0.525,0.5500000000000002,0.30939679934345504,0.5161290322580646,0.445,11
Warmińsko-Mazurskie,2019,39.0,8483.0,6032.0,413.0,40.0,106374.0,870.0,1422737.0,6241.0,42.4,59.62,2.9,0.28,3.18,0.27,43.87,6.11,3444.88,0.3148820326678765,0.29947129909365555,0.32500000000000007,0.6000000000000002,0.4460402133771029,0.6705069124423964,0.443,12
Lubuskie,2019,24.0,6041.0,4571.0,305.0,43.0,56393.0,573.0,1011592.0,3978.0,45.19,59.72,3.02,0.43,3.44,0.24,39.32,5.66,3316.7,0.36551724137931024,0.3013595166163142,0.4875,0.45,0.2593352482560526,0.5668202764976958,0.405,13
Kujawsko-Pomorskie,2019,40.0,13062.0,11275.0,604.0,87.0,136211.0,920.0,2072373.0,8867.0,54.41,63.03,2.91,0.42,3.33,0.19,42.79,4.44,3431.08,0.5328493647912884,0.36385951661631427,0.41875000000000007,0.20000000000000007,0.40172343044727127,0.28571428571428575,0.367,14
Wielkopolskie,2019,59.0,15309.0,12856.0,1260.0,115.0,134356.0,1949.0,3498733.0,13094.0,36.74,43.76,3.6,0.33,3.93,0.17,37.42,5.57,2776.77,0.21215970961887476,0.0,0.7937500000000002,0.1000000000000001,0.18137053754616342,0.5460829493087558,0.306,15
Pomorskie,2019,44.0,11469.0,11800.0,667.0,41.0,101854.0,1114.0,2343928.0,8433.0,50.34,48.93,2.85,0.17,3.02,0.19,35.98,4.75,3514.13,0.458983666061706,0.09762084592145018,0.22499999999999998,0.20000000000000007,0.12228149363972085,0.3571428571428571,0.244,16
Śląskie,2020,141.0,33089.0,30556.0,1410.0,92.0,141579.0,2711.0,4412097.0,22668.0,69.26,75.0,3.2,0.21,3.4,0.32,51.38,6.14,3129.15,0.8023593466424682,0.5898791540785498,0.46249999999999997,0.8500000000000001,0.7542059909725074,0.6774193548387096,0.689,1
Lubelskie,2020,45.0,15662.0,13918.0,739.0,53.0,79831.0,1203.0,2056908.0,10738.0,67.66,76.14,3.59,0.26,3.85,0.22,52.2,5.85,2783.37,0.773321234119782,0.6114048338368581,0.7437500000000001,0.3500000000000001,0.7878539187525648,0.6105990783410137,0.646,2
Łódzkie,2020,60.0,15455.0,16361.0,823.0,79.0,103314.0,1603.0,2415816.0,11491.0,67.72,63.97,3.41,0.33,3.73,0.25,47.57,6.64,2935.38,0.7744101633393828,0.38160876132930516,0.6687500000000001,0.5000000000000001,0.5978662289700453,0.792626728110599,0.619,3
Podlaskie,2020,34.0,8060.0,6361.0,369.0,49.0,60643.0,727.0,1156591.0,5401.0,55.0,69.69,3.19,0.42,3.61,0.29,46.7,6.29,3134.39,0.5435571687840289,0.4896148036253776,0.59375,0.7,0.5621665982765697,0.7119815668202765,0.6,4
Dolnośląskie,2020,86.0,18311.0,16726.0,947.0,56.0,95667.0,1538.0,2908378.0,13294.0,57.51,62.96,3.26,0.19,3.45,0.3,45.71,5.29,3071.15,0.5891107078039926,0.3625377643504532,0.49375000000000013,0.75,0.5215428805908905,0.48156682027649766,0.533,5
Mazowieckie,2020,118.0,39185.0,43673.0,1637.0,134.0,183173.0,3097.0,5517616.0,24294.0,79.15,71.02,2.97,0.24,3.21,0.21,44.03,5.61,3370.57,0.9818511796733213,0.5147280966767371,0.34374999999999994,0.3,0.45260566270004116,0.555299539170507,0.525,6
Świętokrzyskie,2020,24.0,9613.0,6573.0,390.0,46.0,62316.0,634.0,1199584.0,5404.0,54.79,80.14,3.25,0.38,3.63,0.2,45.05,5.29,3075.86,0.5397459165154264,0.6869335347432024,0.60625,0.2500000000000001,0.49446040213377096,0.48156682027649766,0.51,7
Podkarpackie,2020,41.0,16113.0,10153.0,643.0,121.0,96164.0,1254.0,2096166.0,9045.0,48.44,76.87,3.07,0.58,3.64,0.2,43.15,5.98,3259.98,0.4245009074410162,0.625188821752266,0.6125000000000002,0.2500000000000001,0.4164956914238818,0.6405529953917052,0.495,8
Warmińsko-Mazurskie,2020,41.0,8493.0,5785.0,406.0,37.0,98313.0,866.0,1385622.0,6381.0,41.75,61.29,2.93,0.27,3.2,0.3,46.05,6.25,3412.86,0.3030852994555353,0.3310045317220544,0.3375000000000001,0.75,0.5354944604021337,0.7027649769585254,0.493,9
Małopolskie,2020,72.0,24227.0,23864.0,1046.0,121.0,133970.0,1966.0,3432692.0,13540.0,69.52,70.58,3.05,0.35,3.4,0.21,39.44,5.73,3281.73,0.8070780399274046,0.5064199395770392,0.46249999999999997,0.3,0.264259335248256,0.5829493087557605,0.487,10
Opolskie,2020,29.0,6277.0,4195.0,291.0,37.0,36435.0,532.0,955844.0,4022.0,43.89,65.67,3.04,0.39,3.43,0.3,42.08,5.57,3284.69,0.3419237749546279,0.41370845921450156,0.4812500000000001,0.75,0.37258924907673363,0.5460829493087558,0.484,11
Zachodniopomorskie,2020,44.0,9761.0,8880.0,549.0,40.0,73007.0,884.0,1661073.0,6901.0,53.46,58.76,3.31,0.24,3.55,0.26,41.55,5.32,3025.63,0.5156079854809437,0.28323262839879154,0.5562499999999999,0.5500000000000002,0.3508411981945014,0.4884792626728111,0.457,12
Lubuskie,2020,26.0,6029.0,4635.0,297.0,43.0,53285.0,564.0,993329.0,4172.0,46.66,60.69,2.99,0.43,3.42,0.26,42.0,5.68,3344.54,0.39219600725952797,0.3196752265861027,0.475,0.5500000000000002,0.3693065244152647,0.5714285714285713,0.446,13
Kujawsko-Pomorskie,2020,40.0,12951.0,11283.0,594.0,87.0,128077.0,905.0,2031550.0,8593.0,55.54,63.75,2.92,0.43,3.35,0.2,42.3,4.45,3420.12,0.5533575317604355,0.3774546827794562,0.4312500000000001,0.2500000000000001,0.38161674189577344,0.28801843317972353,0.38,14
Wielkopolskie,2020,54.0,15522.0,13213.0,1250.0,117.0,129593.0,1898.0,3507042.0,13008.0,37.68,44.26,3.56,0.33,3.9,0.15,37.09,5.41,2805.63,0.22921960072595277,0.00944108761329305,0.775,0.0,0.16782929831760376,0.5092165898617511,0.282,15
Pomorskie,2020,43.0,11787.0,12157.0,665.0,40.0,92839.0,1114.0,2358256.0,8615.0,51.55,49.98,2.82,0.17,2.99,0.18,36.53,4.72,3546.25,0.48094373865698714,0.11744712990936554,0.2062500000000001,0.15,0.14485022568732053,0.3502304147465437,0.242,16
Podlaskie,2021,34.0,9630.0,5193.0,369.0,50.0,55045.0,788.0,1148720.0,5562.0,45.21,83.83,3.21,0.44,3.65,0.3,48.42,6.86,3113.06,0.36588021778584384,0.7566087613293051,0.61875,0.75,0.6327451784981536,0.8433179723502304,0.661,1
Śląskie,2021,141.0,38445.0,18777.0,1372.0,92.0,131763.0,2654.0,4375947.0,22232.0,42.91,87.86,3.14,0.21,3.35,0.32,50.81,6.06,3189.47,0.32413793103448263,0.8327039274924471,0.4312500000000001,0.8500000000000001,0.7308165777595406,0.6589861751152073,0.638,2
Lubelskie,2021,47.0,18163.0,9072.0,734.0,51.0,70532.0,1243.0,2038299.0,10570.0,44.51,89.11,3.6,0.25,3.85,0.23,51.86,6.1,2776.97,0.3531760435571687,0.8563066465256798,0.7437500000000001,0.40000000000000013,0.7739023389413213,0.6682027649769584,0.633,3
Łódzkie,2021,61.0,18884.0,11659.0,820.0,79.0,92781.0,1629.0,2394946.0,11615.0,48.68,78.85,3.42,0.33,3.75,0.25,48.5,6.8,2920.67,0.4288566243194192,0.6625755287009063,0.68125,0.5000000000000001,0.6360279031596225,0.8294930875576036,0.623,4
Mazowieckie,2021,118.0,53320.0,30429.0,1616.0,135.0,163770.0,3219.0,5512794.0,25071.0,55.2,96.72,2.93,0.24,3.18,0.21,45.48,5.84,3411.38,0.5471869328493647,1.0,0.32500000000000007,0.3,0.5121050471891669,0.608294930875576,0.549,5
Dolnośląskie,2021,84.0,22399.0,11920.0,925.0,57.0,88183.0,1577.0,2897737.0,13406.0,41.14,77.3,3.19,0.2,3.39,0.29,46.26,5.44,3132.69,0.2920145190562613,0.6333081570996979,0.4562500000000001,0.7,0.54411161263849,0.5161290322580646,0.524,6
Opolskie,2021,30.0,6899.0,2705.0,291.0,35.0,32996.0,520.0,948583.0,4376.0,28.52,72.73,3.07,0.37,3.44,0.32,46.13,5.48,3259.74,0.0629764065335753,0.5470166163141995,0.4875,0.8500000000000001,0.538777185063603,0.5253456221198157,0.502,7
Świętokrzyskie,2021,23.0,10622.0,4342.0,382.0,46.0,54680.0,632.0,1187693.0,5504.0,36.56,89.43,3.22,0.39,3.6,0.19,46.34,5.32,3109.14,0.2088929219600726,0.8623489425981875,0.5875000000000001,0.20000000000000007,0.5473943372999591,0.4884792626728111,0.482,8
Warmińsko-Mazurskie,2021,42.0,9191.0,3777.0,395.0,34.0,84868.0,885.0,1374699.0,6425.0,27.48,66.86,2.87,0.25,3.12,0.31,46.74,6.44,3480.25,0.04410163339382939,0.436178247734139,0.28750000000000003,0.8,0.5638079606073042,0.7465437788018434,0.48,9
Podkarpackie,2021,43.0,17410.0,6321.0,632.0,121.0,81338.0,1286.0,2085932.0,9067.0,30.3,83.46,3.03,0.58,3.61,0.21,43.47,6.17,3300.53,0.0952813067150635,0.7496223564954682,0.59375,0.3,0.4296265900697579,0.684331797235023,0.475,10
Zachodniopomorskie,2021,44.0,10337.0,5831.0,541.0,41.0,65911.0,941.0,1650021.0,7052.0,35.34,62.65,3.28,0.25,3.53,0.27,42.74,5.7,3049.95,0.18675136116152452,0.35668429003021146,0.54375,0.6000000000000002,0.3996717275338532,0.5760368663594471,0.444,11
Małopolskie,2021,73.0,26918.0,14224.0,1024.0,118.0,117001.0,2034.0,3430370.0,13819.0,41.46,78.47,2.99,0.34,3.33,0.21,40.28,5.93,3349.97,0.2978221415607985,0.6554003021148036,0.41875000000000007,0.3,0.2987279441936808,0.629032258064516,0.433,12
Lubuskie,2021,24.0,5969.0,2469.0,291.0,43.0,47567.0,574.0,985487.0,4049.0,25.05,60.57,2.95,0.44,3.39,0.24,41.09,5.82,3386.55,0.0,0.3174093655589124,0.4562500000000001,0.45,0.3319655313910547,0.6036866359447005,0.36,13
Kujawsko-Pomorskie,2021,41.0,14724.0,6829.0,588.0,88.0,115259.0,920.0,2017720.0,8620.0,33.85,72.97,2.91,0.44,3.35,0.2,42.72,4.56,3431.5,0.15970961887477314,0.5515483383685801,0.4312500000000001,0.2500000000000001,0.39885104636848584,0.31336405529953903,0.351,14
Wielkopolskie,2021,55.0,23613.0,11409.0,1225.0,117.0,116818.0,1921.0,3500030.0,13169.0,32.6,67.47,3.5,0.33,3.83,0.16,37.63,5.49,2857.17,0.13702359346642468,0.4476963746223565,0.7312500000000001,0.05000000000000005,0.18998768978251962,0.5276497695852534,0.347,15
Pomorskie,2021,39.0,13875.0,9334.0,661.0,40.0,84512.0,1145.0,2358726.0,7910.0,39.57,58.82,2.8,0.17,2.97,0.17,33.54,4.85,3568.42,0.26352087114337563,0.28436555891238674,0.1937500000000001,0.1000000000000001,0.02215839146491585,0.38018433179723493,0.207,16
Podlaskie,2022,35.0,7270.0,4772.0,366.0,45.0,51771.0,809.0,1143355.0,5293.0,41.74,63.58,3.2,0.39,3.59,0.31,46.29,7.08,3123.92,0.30290381125226856,0.37424471299093653,0.5812499999999999,0.8,0.5453426343865408,0.8940092165898618,0.583,1
Lubelskie,2022,46.0,14264.0,8444.0,724.0,53.0,64594.0,1247.0,2024637.0,10406.0,41.71,70.45,3.58,0.26,3.84,0.23,51.4,6.16,2796.46,0.3023593466424682,0.5039652567975832,0.7374999999999999,0.40000000000000013,0.7550266721378744,0.6820276497695853,0.563,2
Śląskie,2022,140.0,27537.0,18931.0,1344.0,86.0,119442.0,2697.0,4346702.0,21652.0,43.55,63.35,3.09,0.2,3.29,0.32,49.81,6.2,3234.15,0.33575317604355703,0.36990181268882183,0.39375000000000004,0.8500000000000001,0.6897825194911779,0.6912442396313364,0.555,3
Łódzkie,2022,61.0,13584.0,10725.0,802.0,76.0,84827.0,1659.0,2378483.0,11160.0,45.09,57.11,3.37,0.32,3.69,0.26,46.92,6.98,2965.69,0.36370235934664247,0.2520770392749245,0.64375,0.5500000000000002,0.5711940910956095,0.870967741935484,0.542,4
Opolskie,2022,30.0,5364.0,2622.0,294.0,30.0,29855.0,551.0,942441.0,4222.0,27.82,56.92,3.12,0.32,3.44,0.32,44.8,5.85,3205.58,0.05027223230490017,0.24848942598187318,0.4875,0.8500000000000001,0.48420188756668026,0.6105990783410137,0.455,5
Dolnośląskie,2022,82.0,16608.0,11479.0,902.0,57.0,81613.0,1608.0,2888033.0,13360.0,39.75,57.51,3.12,0.2,3.32,0.28,46.26,5.57,3201.81,0.2667876588021778,0.2596299093655589,0.4124999999999999,0.6500000000000002,0.54411161263849,0.5460829493087558,0.447,6
Warmińsko-Mazurskie,2022,43.0,7417.0,3720.0,388.0,31.0,77890.0,882.0,1366430.0,6336.0,27.22,54.28,2.84,0.23,3.07,0.31,46.37,6.45,3521.73,0.03938294010889288,0.19864048338368587,0.25624999999999987,0.8,0.5486253590480098,0.7488479262672811,0.432,7
Świętokrzyskie,2022,24.0,8376.0,4097.0,372.0,43.0,49388.0,658.0,1178164.0,5202.0,34.77,71.09,3.16,0.36,3.52,0.2,44.15,5.58,3167.11,0.17640653357531763,0.5160498489425983,0.5375000000000001,0.2500000000000001,0.4575297496922445,0.5483870967741935,0.414,8
Mazowieckie,2022,115.0,35556.0,25819.0,1587.0,128.0,153068.0,3412.0,5510612.0,23712.0,46.85,64.52,2.88,0.23,3.11,0.21,43.03,6.19,3472.35,0.39564428312159705,0.3919939577039275,0.2812499999999999,0.3,0.4115716044316784,0.6889400921658987,0.412,9
Zachodniopomorskie,2022,44.0,8051.0,5544.0,533.0,45.0,59315.0,997.0,1640622.0,6809.0,33.79,49.07,3.25,0.27,3.52,0.27,41.5,6.08,3078.09,0.15862068965517237,0.10026435045317225,0.5375000000000001,0.6000000000000002,0.34878949528108333,0.663594470046083,0.401,10
Podkarpackie,2022,40.0,13770.0,6446.0,617.0,122.0,74800.0,1254.0,2079098.0,8702.0,31.0,66.23,2.97,0.59,3.55,0.19,41.85,6.03,3369.69,0.10798548094373862,0.42428247734138985,0.5562499999999999,0.20000000000000007,0.36315141567501036,0.652073732718894,0.384,11
Małopolskie,2022,72.0,20097.0,13223.0,1016.0,120.0,107065.0,2076.0,3429014.0,13590.0,38.56,58.61,2.96,0.35,3.31,0.21,39.63,6.05,3375.01,0.2451905626134301,0.28040030211480366,0.40625000000000006,0.3,0.2720558063192451,0.6566820276497696,0.36,12
Wielkopolskie,2022,59.0,17349.0,11006.0,1196.0,113.0,111771.0,1976.0,3493577.0,13629.0,31.5,49.66,3.42,0.32,3.75,0.17,39.01,5.66,2921.05,0.11705989110707801,0.11140483383685798,0.68125,0.1000000000000001,0.24661469019286003,0.5668202764976958,0.304,13
Lubuskie,2022,23.0,4676.0,2508.0,282.0,43.0,44027.0,580.0,979976.0,3863.0,25.59,47.72,2.88,0.44,3.32,0.23,39.42,5.92,3475.09,0.009800362976406516,0.07477341389728098,0.4124999999999999,0.40000000000000013,0.2634386540828889,0.6267281105990783,0.298,14
Kujawsko-Pomorskie,2022,41.0,11317.0,6546.0,574.0,87.0,100335.0,987.0,2006876.0,8399.0,32.62,56.39,2.86,0.43,3.29,0.2,41.85,4.92,3496.3,0.13738656987295816,0.2384818731117825,0.39375000000000004,0.2500000000000001,0.36315141567501036,0.3963133640552995,0.297,15
Pomorskie,2022,41.0,11165.0,8826.0,660.0,40.0,80097.0,1208.0,2358307.0,7820.0,37.43,47.34,2.8,0.17,2.97,0.17,33.16,5.12,3573.19,0.22468239564428308,0.06759818731117835,0.1937500000000001,0.1000000000000001,0.0065654493229379,0.44239631336405527,0.172,16
Podlaskie,2023,35.0,7884.0,5789.0,362.0,41.0,51645.0,831.0,1138216.0,5296.0,50.86,69.27,3.18,0.36,3.54,0.31,46.53,7.3,3144.24,0.46842105263157885,0.48168429003021146,0.55,0.8,0.555190808370948,0.944700460829493,0.633,1
Łódzkie,2023,62.0,14639.0,13060.0,777.0,76.0,84853.0,1707.0,2362519.0,11346.0,55.28,61.96,3.29,0.32,3.61,0.26,48.03,7.23,3040.56,0.548638838475499,0.3436555891238671,0.59375,0.5500000000000002,0.6167418957734921,0.9285714285714287,0.597,2
Śląskie,2023,143.0,28738.0,21672.0,1311.0,83.0,113784.0,2783.0,4320130.0,21324.0,50.17,66.52,3.03,0.19,3.23,0.33,49.36,6.44,3295.29,0.45589836660617056,0.42975830815709964,0.35624999999999996,0.9000000000000001,0.6713171932704145,0.7465437788018434,0.593,3
Lubelskie,2023,45.0,15193.0,10320.0,716.0,53.0,62967.0,1296.0,2011047.0,9568.0,51.32,75.55,3.56,0.26,3.82,0.22,47.58,6.44,2808.72,0.4767695099818511,0.6002643504531722,0.725,0.3500000000000001,0.5982765695527288,0.7465437788018434,0.583,4
Mazowieckie,2023,116.0,38332.0,33929.0,1573.0,125.0,149248.0,3570.0,5510527.0,23214.0,61.57,69.56,2.85,0.23,3.08,0.21,42.13,6.48,3503.2,0.6627949183303083,0.48716012084592153,0.2625,0.3,0.37464095199015196,0.7557603686635945,0.474,5
Świętokrzyskie,2023,24.0,8811.0,4911.0,367.0,44.0,48470.0,670.0,1168499.0,5218.0,42.03,75.4,3.14,0.38,3.52,0.21,44.66,5.73,3183.92,0.3081669691470054,0.5974320241691844,0.5375000000000001,0.3,0.47845711940910945,0.5829493087557605,0.467,6
Dolnośląskie,2023,78.0,17420.0,13657.0,885.0,53.0,79064.0,1666.0,2879271.0,13039.0,47.43,60.5,3.07,0.18,3.26,0.27,45.29,5.79,3253.41,0.4061705989110707,0.3160876132930514,0.37499999999999983,0.6000000000000002,0.5043085761181781,0.5967741935483871,0.466,7
Opolskie,2023,29.0,5575.0,3173.0,282.0,28.0,28917.0,579.0,936725.0,4030.0,33.87,59.52,3.01,0.3,3.31,0.31,43.02,6.18,3321.72,0.16007259528130663,0.29758308157099705,0.40625000000000006,0.8,0.4111612638489948,0.6866359447004607,0.46,8
Warmińsko-Mazurskie,2023,42.0,8044.0,4113.0,384.0,29.0,76338.0,907.0,1357910.0,6219.0,30.29,59.24,2.83,0.21,3.04,0.31,45.8,6.68,3536.22,0.09509981851179669,0.29229607250755296,0.2375,0.8,0.5252359458350431,0.8018433179723502,0.459,9
Zachodniopomorskie,2023,46.0,8483.0,6317.0,531.0,41.0,57345.0,1024.0,1631784.0,6631.0,38.71,51.99,3.25,0.25,3.51,0.28,40.64,6.28,3073.04,0.24791288566243191,0.15540030211480368,0.5312499999999999,0.6500000000000002,0.3135002051702914,0.7096774193548387,0.435,10
Podkarpackie,2023,41.0,14338.0,7505.0,593.0,121.0,72739.0,1294.0,2071676.0,8686.0,36.23,69.21,2.86,0.58,3.45,0.2,41.93,6.25,3493.55,0.2029038112522685,0.4805513595166162,0.49375000000000013,0.2500000000000001,0.3664341403364793,0.7027649769585254,0.416,11
Małopolskie,2023,69.0,21421.0,16441.0,999.0,117.0,102065.0,2165.0,3429632.0,13416.0,47.94,62.46,2.91,0.34,3.25,0.2,39.12,6.31,3433.07,0.41542649727767683,0.35309667673716016,0.36874999999999997,0.2500000000000001,0.2511284366023799,0.7165898617511519,0.392,12
Kujawsko-Pomorskie,2023,43.0,12046.0,7596.0,567.0,84.0,97376.0,1039.0,1996003.0,8358.0,38.06,60.35,2.84,0.42,3.26,0.22,41.87,5.21,3520.29,0.23611615245009074,0.3132552870090635,0.37499999999999983,0.3500000000000001,0.36397209684037746,0.4631336405529954,0.35,13
Lubuskie,2023,24.0,4956.0,2839.0,278.0,42.0,41703.0,621.0,975023.0,3766.0,29.12,50.83,2.85,0.43,3.28,0.25,38.62,6.37,3507.28,0.07386569872958257,0.13349697885196374,0.3874999999999999,0.5000000000000001,0.23061140746819853,0.7304147465437788,0.343,14
Wielkopolskie,2023,57.0,18481.0,12952.0,1196.0,117.0,110216.0,2056.0,3487973.0,13309.0,37.13,52.98,3.43,0.34,3.76,0.16,38.16,5.89,2916.37,0.2192377495462795,0.17409365558912385,0.6874999999999999,0.05000000000000005,0.21173574066475162,0.6198156682027649,0.327,15
Pomorskie,2023,40.0,11744.0,10154.0,652.0,37.0,80487.0,1252.0,2359573.0,7787.0,43.03,49.77,2.76,0.16,2.92,0.17,33.0,5.31,3618.98,0.32631578947368417,0.11348187311178257,0.1624999999999999,0.1000000000000001,0.0,0.48617511520737317,0.198,16
Podlaskie,2024,37.0,8042.0,5984.0,363.0,38.0,46546.0,854.0,1132641.0,5294.0,52.83,71.0,3.2,0.34,3.54,0.33,46.74,7.54,3120.22,0.504174228675136,0.5143504531722055,0.55,0.9000000000000001,0.5638079606073042,1.0,0.672,1
Łódzkie,2024,64.0,15175.0,13569.0,774.0,70.0,76695.0,1734.0,2345924.0,11345.0,57.84,64.69,3.3,0.3,3.6,0.27,48.36,7.39,3030.91,0.5950998185117967,0.3952039274924471,0.5875000000000001,0.6000000000000002,0.6302831350020518,0.965437788018433,0.629,2
Śląskie,2024,143.0,29492.0,22388.0,1268.0,84.0,106336.0,2851.0,4291441.0,21024.0,52.17,68.72,2.95,0.2,3.15,0.33,48.99,6.64,3384.42,0.49219600725952806,0.47129909365558914,0.3062499999999999,0.9000000000000001,0.6561345917111204,0.792626728110599,0.603,3
Lubelskie,2024,44.0,15385.0,10703.0,699.0,53.0,57977.0,1324.0,1996440.0,9533.0,53.61,77.06,3.5,0.27,3.77,0.22,47.75,6.63,2856.14,0.5183303085299454,0.6287764350453173,0.6937500000000001,0.3500000000000001,0.6052523594583505,0.7903225806451613,0.598,4
Świętokrzyskie,2024,25.0,8985.0,5029.0,350.0,42.0,48747.0,683.0,1157991.0,5307.0,43.43,77.59,3.02,0.36,3.39,0.22,45.83,5.9,3308.55,0.33357531760435566,0.6387839879154079,0.4562500000000001,0.3500000000000001,0.526466967583094,0.6221198156682028,0.488,5
Mazowieckie,2024,113.0,39396.0,32630.0,1548.0,124.0,137618.0,3685.0,5508322.0,23224.0,59.24,71.52,2.81,0.23,3.04,0.21,42.16,6.69,3558.35,0.6205081669691469,0.5241691842900301,0.2375,0.3,0.3758719737382026,0.8041474654377881,0.477,6
Opolskie,2024,28.0,5579.0,3363.0,273.0,28.0,34123.0,587.0,930296.0,3940.0,36.15,59.97,2.93,0.3,3.24,0.3,42.35,6.31,3407.68,0.20145190562613424,0.3060800604229607,0.3625000000000001,0.75,0.3836684448091917,0.7165898617511519,0.453,7
Warmińsko-Mazurskie,2024,41.0,8216.0,4357.0,370.0,27.0,69545.0,916.0,1349172.0,6128.0,32.29,60.9,2.74,0.2,2.94,0.3,45.42,6.79,3646.41,0.13139745916515422,0.3236404833836858,0.1749999999999999,0.75,0.5096430036930654,0.8271889400921659,0.453,7
Dolnośląskie,2024,71.0,17630.0,14395.0,850.0,51.0,87538.0,1729.0,2868242.0,12355.0,50.19,61.47,2.96,0.18,3.14,0.25,43.08,6.03,3374.4,0.45626134301270405,0.3344033232628399,0.30000000000000004,0.5000000000000001,0.4136233073450964,0.652073732718894,0.443,9
Podkarpackie,2024,39.0,14452.0,7856.0,579.0,123.0,67926.0,1341.0,2062997.0,8686.0,38.08,70.05,2.81,0.6,3.4,0.19,42.1,6.5,3563.03,0.23647912885662423,0.4964123867069486,0.46249999999999997,0.20000000000000007,0.37340993024210106,0.7603686635944701,0.422,10
Małopolskie,2024,74.0,21940.0,16974.0,989.0,116.0,92630.0,2212.0,3429084.0,13429.0,49.5,63.98,2.88,0.34,3.22,0.22,39.16,6.45,3467.22,0.44373865698729575,0.38179758308157097,0.3500000000000001,0.3500000000000001,0.25276979893311435,0.7488479262672811,0.421,11
Zachodniopomorskie,2024,43.0,8468.0,6617.0,518.0,38.0,53434.0,1091.0,1622760.0,6236.0,40.78,52.18,3.19,0.23,3.43,0.26,38.43,6.72,3132.74,0.28548094373865696,0.158987915407855,0.4812500000000001,0.5500000000000002,0.2228149363972097,0.8110599078341013,0.418,12
Kujawsko-Pomorskie,2024,43.0,12536.0,7960.0,564.0,79.0,89407.0,1076.0,1984479.0,8377.0,40.11,63.17,2.84,0.4,3.24,0.22,42.21,5.42,3518.58,0.27332123411978215,0.36650302114803635,0.3625000000000001,0.3500000000000001,0.3779236766516209,0.511520737327189,0.374,13
Wielkopolskie,2024,61.0,18592.0,13447.0,1177.0,117.0,102723.0,2208.0,3479986.0,13511.0,38.64,53.43,3.38,0.34,3.72,0.18,38.82,6.34,2956.66,0.2466424682395644,0.18259063444108764,0.6625000000000002,0.15,0.23881821912187118,0.7235023041474654,0.367,14
Lubuskie,2024,24.0,4998.0,3002.0,272.0,39.0,39145.0,624.0,969819.0,3693.0,30.95,51.54,2.8,0.4,3.21,0.25,38.08,6.43,3565.51,0.10707803992740468,0.1469033232628399,0.34374999999999994,0.5000000000000001,0.20845301600328267,0.7442396313364055,0.342,15
Pomorskie,2024,38.0,12076.0,10710.0,635.0,38.0,73516.0,1310.0,2359493.0,7796.0,45.39,51.18,2.69,0.16,2.85,0.16,33.04,5.55,3715.74,0.369147005444646,0.14010574018126892,0.11875,0.05000000000000005,0.001641362330734475,0.5414746543778801,0.204,16
